id,xcoord,ycoord,BCLCS_LV_4,BCLCS_LV_5,CR_CLOSURE,BASAL_AREA,LIVE_STEMS,VERT_COMPL,SPEC_PCT_1,PROJ_AGE_1,PROJ_HT_1,f_hab,n_hab,site
"393",519174.531,5580244.515,TC,OP,"55",37.804661,"457","3",100.00,"173",28.7,"3","2",MTC
"394",519674.531,5580244.515,TC,DE,"65",46.038780,"599","3",95.00,"73",26.1,"1","0",MTC
"594",518674.531,5579744.515,TC,OP,"60",50.428032,"445","3",100.00,"123",31.4,"3","3",MTC
"596",519674.531,5579744.515,TC,OP,"55",46.495384,"363","4",90.00,"133",32.3,"3","3",MTC
"798",519674.531,5579244.515,SL,OP,"5",8.638450,"715","3",100.00,"43",17.4,"1","0",MTC
"799",520174.531,5579244.515,TC,OP,"45",30.030611,"363","3",100.00,"213",28.5,"3","2",MTC
"597",520174.531,5579744.515,TC,OP,"60",59.823547,"424","3",90.00,"193",35.7,"3","2",MTC
"595",519174.531,5579744.515,TC,DE,"70",49.284241,"593","3",100.00,"93",27.0,"3","1",MTC
"1002",520674.531,5578744.515,TC,OP,"45",30.030611,"363","3",100.00,"213",28.5,"3","2",MTC
"1000",519674.531,5578744.515,SL,OP,"5",8.638450,"715","3",100.00,"43",17.4,"1","0",MTC
"1001",520174.531,5578744.515,TC,OP,"40",40.050419,"306","4",70.00,"213",33.6,"3","2",MTC
"795",518174.531,5579244.515,TC,DE,"75",35.404728,"1376","2",90.00,"48",18.8,"2","0",MTC
"797",519174.531,5579244.515,HE,SP,"5",2.186670,"195","3",100.00,"43",14.5,"1","0",MTC
"998",518674.531,5578744.515,TC,OP,"55",39.073090,"461","4",60.00,"163",28.8,"1","0",MTC
"796",518674.531,5579244.515,TC,OP,"40",18.951160,"1433","2",90.00,"31",15.3,"1","0",MTC
"997",518174.531,5578744.515,TC,OP,"50",30.076090,"646","3",90.00,"93",21.7,"3","0",MTC
"999",519174.531,5578744.515,TC,DE,"65",42.950199,"563","2",90.00,"113",26.4,"3","3",MTC
"1206",521674.531,5578244.515,TC,OP,"35",25.066019,"310","3",95.00,"213",28.5,"3","1",MTC
"800",520674.531,5579244.515,TC,SP,"5",1.434210,"140","3",100.00,"103",12.8,"2","1",MTC
"1003",521174.531,5578744.515,TC,SP,"25",12.219460,"354","3",90.00,"133",19.8,"3","1",MTC
"1198",517674.531,5578244.515,TC,OP,"40",29.063419,"456","3",100.00,"113",25.4,"3","3",MTC
"1200",518674.531,5578244.515,TC,OP,"55",39.073090,"461","4",60.00,"163",28.8,"3","1",MTC
"1199",518174.531,5578244.515,TC,SP,"15",9.438220,"227","3",80.00,"83",19.8,"3","1",MTC
"1201",519174.531,5578244.515,TC,OP,"45",26.540150,"729","2",100.00,"58",19.5,"3","1",MTC
"1202",519674.531,5578244.515,TC,DE,"70",57.377361,"484","3",90.00,"133",31.2,"3","3",MTC
"1203",520174.531,5578244.515,TC,SP,"10",5.795460,"589","3",70.00,"23",9.1,"3","3",MTC
"1404",519674.531,5577744.515,TC,DE,"70",57.377361,"484","3",90.00,"133",31.2,"3","2",MTC
"1405",520174.531,5577744.515,TM,DE,"80",41.568367,"1243","3",40.00,"53",19.1,"2","1",MTC
"1400",517674.531,5577744.515,TC,SP,"20",17.983700,"241","3",100.00,"213",27.5,"0","0",MTC
"1401",518174.531,5577744.515,TM,SP,"11",,"1122",,50.00,"6",0.8,"1","0",MTC
"1403",519174.531,5577744.515,TC,OP,"55",45.677452,"363","4",70.00,"153",33.0,"3","3",MTC
"1402",518674.531,5577744.515,HE,OP,"5",12.535240,"933","3",60.00,"38",11.7,"3","1",MTC
"1607",520174.531,5577244.515,TC,DE,"15",14.362720,"110","3",70.00,"138",37.4,"3","2",MTC
"1612",522674.531,5577244.515,TC,OP,"55",47.993561,"367","3",100.00,"213",33.6,"3","1",MTC
"1605",519174.531,5577244.515,TC,OP,"60",52.030838,"432","3",70.00,"98",32.2,"3","2",MTC
"1602",517674.531,5577244.515,TB,DE,"65",36.145290,"490","3",40.00,"83",24.7,"2","2",MTC
"1603",518174.531,5577244.515,TC,SP,"20",18.860800,"278","3",70.00,"83",25.4,"3","2",MTC
"1611",522174.531,5577244.515,SL,OP,"2",14.936069,"379","4",90.00,"38",16.2,"3","3",MTC
"1610",521674.531,5577244.515,TC,SP,"25",22.176701,"188","4",70.00,"138",35.3,"3","3",MTC
"1814",522674.531,5576744.515,TC,OP,"60",33.950272,"1400","4",70.00,"43",18.8,"2","1",MTC
"1604",518674.531,5577244.515,TC,OP,"35",27.736561,"300","4",50.00,"103",28.8,"3","1",MTC
"1811",521174.531,5576744.515,,LA,,,,,,,,"-2","-2",MTC
"1812",521674.531,5576744.515,TC,OP,"50",48.552242,"584","4",50.00,"83",25.1,"2","1",MTC
"1204",520674.531,5578244.515,TC,SP,"10",5.795460,"589","3",70.00,"23",9.1,"1","0",MTC
"1205",521174.531,5578244.515,HE,DE,"5",0.000000,"1520","3",50.00,"2",0.6,"1","0",MTC
"1606",519674.531,5577244.515,TC,SP,"11",,"1800",,70.00,"2",0.4,"1","0",MTC
"1609",521174.531,5577244.515,TM,OP,"60",24.283590,"1229","3",40.00,"43",16.6,"1","0",MTC
"1407",521174.531,5577744.515,TM,DE,"80",37.301712,"1115","2",60.00,"48",20.3,"1","0",MTC
"1408",521674.531,5577744.515,TB,DE,"90",33.515820,"1294","2",80.00,"63",19.4,"1","0",MTC
"1409",522174.531,5577744.515,TB,DE,"90",40.997589,"1338","3",90.00,"43",22.2,"1","0",MTC
"1406",520674.531,5577744.515,HE,OP,"5",5.060660,"305","3",80.00,"48",18.2,"1","0",MTC
"1813",522174.531,5576744.515,TC,OP,"40",32.433990,"406","3",90.00,"73",28.3,"2","0",MTC
"1808",519674.531,5576744.515,TC,DE,"65",49.449196,"485","4",30.10,"103",29.9,"3","2",MTC
"2017",523174.531,5576244.515,TM,OP,"60",27.636189,"769","3",50.00,"68",20.2,"1","0",MTC
"1805",518174.531,5576744.515,TC,SP,"20",13.005330,"1141","2",60.00,"26",12.3,"2","1",MTC
"2007",518174.531,5576244.515,TC,OP,"30",5.852330,"653",,90.00,"19",7.8,"3","1",MTC
"2008",518674.531,5576244.515,TM,DE,"70",64.387497,"432","4",40.00,"163",37.0,"1","0",MTC
"2012",520674.531,5576244.515,TC,OP,"30",16.212841,"798","3",60.00,"53",16.5,"2","2",MTC
"1810",520674.531,5576744.515,TM,OP,"55",46.205269,"565","4",40.00,"83",25.1,"2","1",MTC
"2014",521674.531,5576244.515,TC,OP,"60",41.453403,"787","4",50.00,"58",24.4,"2","1",MTC
"1608",520674.531,5577244.515,TC,DE,"15",14.362720,"110","3",70.00,"138",37.4,"3","1",MTC
"1809",520174.531,5576744.515,TC,OP,"60",60.000057,"425","4",90.00,"143",36.2,"3","1",MTC
"1807",519174.531,5576744.515,TC,OP,"60",52.030838,"432","3",70.00,"98",32.2,"3","2",MTC
"2011",520174.531,5576244.515,TC,OP,"60",46.508469,"493","3",100.00,"133",29.1,"3","1",MTC
"2010",519674.531,5576244.515,TC,DE,"65",56.553051,"585","3",55.00,"83",28.1,"3","3",MTC
"1803",517174.531,5576744.515,TM,OP,"55",15.170880,"1786","3",50.00,"38",16.5,"0","0",MTC
"1804",517674.531,5576744.515,TC,OP,"60",16.906939,"1376","2",50.00,"28",13.5,"1","0",MTC
"2006",517674.531,5576244.515,SL,SP,"2",,"859",,100.00,"1",0.2,"1","0",MTC
"1806",518674.531,5576744.515,TC,DE,"75",66.000465,"443","4",60.00,"138",37.4,"3","2",MTC
"1815",523174.531,5576744.515,TC,OP,"45",39.809200,"304","3",100.00,"103",34.1,"1","0",MTC
"2015",522174.531,5576244.515,TC,SP,"10",7.317270,"723","3",70.00,"28",8.8,"1","0",MTC
"2016",522674.531,5576244.515,TM,DE,"80",26.906580,"1715","3",50.00,"48",15.2,"1","0",MTC
"2005",517174.531,5576244.515,TC,OP,"45",30.578430,"421","3",50.00,"113",26.4,"3","1",MTC
"2211",519174.531,5575744.515,HG,DE,"6",6.652180,"72","4",50.10,"103",36.3,"3","2",MTC
"2212",519674.531,5575744.515,TC,SP,"25",18.747082,"276","4",90.00,"83",25.4,"3","2",MTC
"2210",518674.531,5575744.515,TC,OP,"60",54.922359,"420","3",95.00,"103",34.1,"3","3",MTC
"2009",519174.531,5576244.515,TC,DE,"65",60.000122,"415","4",80.00,"153",37.1,"3","3",MTC
"2418",521674.531,5575244.515,TM,SP,"15",14.229910,"882","3",70.00,"38",13.1,"2","2",MTC
"2208",517674.531,5575744.515,SL,OP,"7",6.292600,"603","4",100.00,"31",8.9,"1","0",MTC
"2411",518174.531,5575244.515,TC,OP,"58",43.790070,"515","4",72.00,"153",27.9,"3","2",MTC
"2207",517174.531,5575744.515,TC,OP,"55",42.095161,"377","3",75.00,"123",31.4,"3","3",MTC
"2409",517174.531,5575244.515,SL,OP,"5",12.704310,"1165","3",100.00,"25",11.7,"3","3",MTC
"2209",518174.531,5575744.515,TC,OP,"60",50.295731,"846","3",50.00,"58",22.6,"2","1",MTC
"2414",519674.531,5575244.515,SL,SP,,,,,,,,"1","0",MTC
"2216",521674.531,5575744.515,TC,SP,"25",18.089119,"235","3",100.00,"163",28.8,"3","3",MTC
"2419",522174.531,5575244.515,TC,SP,"25",18.989969,"254","3",100.00,"103",26.7,"3","3",MTC
"2217",522174.531,5575744.515,TC,OP,"20",18.999590,"236","3",80.00,"143",29.0,"3","3",MTC
"2215",521174.531,5575744.515,TC,OP,"50",30.809710,"595","4",100.00,"103",23.5,"3","3",MTC
"2013",521174.531,5576244.515,TC,OP,"30",24.157980,"349","3",100.00,"103",24.5,"3","3",MTC
"2417",521174.531,5575244.515,TC,OP,"35",30.502781,"303","3",85.00,"73",30.6,"3","1",MTC
"2413",519174.531,5575244.515,TC,OP,"55",47.532581,"364","3",100.00,"173",33.8,"3","2",MTC
"2410",517674.531,5575244.515,TC,DE,"70",59.351341,"474","3",100.00,"173",32.8,"3","1",MTC
"2612",517674.531,5574744.515,HE,SP,"5",3.089360,"57","2",100.00,"153",28.9,"3","1",MTC
"2614",518674.531,5574744.515,TC,DE,"65",52.459759,"461","4",60.00,"123",31.4,"3","2",MTC
"2615",519174.531,5574744.515,TC,OP,"50",38.470230,"512","3",100.00,"93",27.0,"2","1",MTC
"2618",520674.531,5574744.515,TC,OP,"60",62.000061,"407","4",75.00,"283",37.4,"3","1",MTC
"2213",520174.531,5575744.515,TC,OP,"60",57.093502,"605","4",55.00,"83",26.3,"2","0",MTC
"2416",520674.531,5575244.515,TC,DE,"65",38.691299,"921","3",70.00,"53",22.8,"2","0",MTC
"2415",520174.531,5575244.515,SL,SP,,,,,,,,"1","0",MTC
"2621",522174.531,5574744.515,SL,OP,"1",9.015790,"759","3",90.00,"33",10.7,"1","0",MTC
"2214",520674.531,5575744.515,TC,OP,"30",16.212841,"798","3",60.00,"53",16.5,"1","0",MTC
"2617",520174.531,5574744.515,TC,DE,"65",52.117279,"457","2",95.00,"103",30.9,"3","2",MTC
"2619",521174.531,5574744.515,TC,OP,"55",47.201256,"361","4",95.00,"103",34.1,"3","3",MTC
"2620",521674.531,5574744.515,TC,OP,"55",47.201256,"361","4",95.00,"103",34.1,"3","3",MTC
"2218",522674.531,5575744.515,TC,DE,"20",20.311989,"214","3",80.00,"133",31.2,"3","1",MTC
"2420",522674.531,5575244.515,TC,OP,"35",24.385040,"334","4",100.00,"103",25.6,"3","1",MTC
"2421",523174.531,5575244.515,TC,OP,"40",34.737720,"405",,100.00,"143",32.1,"3","1",MTC
"2624",523674.531,5574744.515,TC,OP,"55",48.000160,"357","4",70.00,"233",34.5,"3","1",MTC
"2622",522674.531,5574744.515,TC,OP,"45",32.988720,"342","3",100.00,"103",29.9,"2","1",MTC
"2625",524174.531,5574744.515,TC,OP,"50",54.000000,"318","3",80.00,"233",38.6,"3","1",MTC
"2825",523174.531,5574244.515,ST,DE,"3",5.815681,"200","2",60.00,"55",16.2,"1","0",MTC
"2219",523174.531,5575744.515,TM,DE,"80",36.814781,"598","2",30.10,"63",24.2,"1","0",MTC
"2422",523674.531,5575244.515,TM,DE,"70",34.234447,"594","2",50.00,"63",24.2,"1","0",MTC
"2220",523674.531,5575744.515,HE,OP,"5",4.781370,"161","3",50.00,"73",23.8,"2","0",MTC
"2823",522174.531,5574244.515,TC,OP,"40",34.260880,"363","3",95.00,"83",29.8,"3","2",MTC
"2824",522674.531,5574244.515,TC,OP,"60",49.945530,"473","4",55.00,"88",30.6,"3","3",MTC
"2827",524174.531,5574244.515,TC,DE,"65",47.050819,"586","3",80.00,"73",27.2,"2","1",MTC
"2826",523674.531,5574244.515,TM,DE,"65",34.546883,"1100","2",50.00,"53",19.1,"2","1",MTC
"2816",518674.531,5574244.515,TC,DE,"65",52.459759,"461","4",60.00,"123",31.4,"3","3",MTC
"2616",519674.531,5574744.515,TC,SP,"25",17.504620,"273","4",100.00,"113",24.3,"3","3",MTC
"2412",518674.531,5575244.515,TC,OP,"50",31.288012,"594","3",100.00,"93",23.8,"3","3",MTC
"2613",518174.531,5574744.515,TC,OP,"55",45.342579,"363","3",100.00,"153",33.0,"3","3",MTC
"2817",519174.531,5574244.515,SL,SP,"4",2.104360,"49","3",100.00,"163",27.8,"3","3",MTC
"2818",519674.531,5574244.515,TC,SP,"20",18.895041,"279","3",100.00,"83",25.4,"3","1",MTC
"2623",523174.531,5574744.515,TC,DE,"65",48.354950,"606","4",60.00,"58",28.0,"2","2",MTC
"28493",429174.531,5510244.515,TC,DE,"65",51.998100,"487","2",80.00,"122",30.3,"3","3",RLK
"28694",428674.531,5509744.515,TC,OP,"45",26.816101,"511","3",70.00,"187",23.5,"1","0",RLK
"28693",428174.531,5509744.515,SL,DE,"5",20.380009,"1224","3",40.00,"27",13.1,"1","0",RLK
"28698",430674.531,5509744.515,TC,DE,"65",26.527950,"3118","2",70.00,"56",14.5,"1","0",RLK
"28695",429174.531,5509744.515,TC,DE,"65",35.861141,"2530","2",90.00,"56",18.2,"2","2",RLK
"28896",428674.531,5509244.515,SL,DE,"5",20.380009,"1224","3",40.00,"27",13.1,"2","0",RLK
"28902",431674.531,5509244.515,TC,DE,"75",35.512123,"2507","2",60.00,"59",16.6,"2","1",RLK
"28903",432174.531,5509244.515,TC,DE,"60",65.647224,"419","2",50.00,"122",33.8,"3","3",RLK
"28897",429174.531,5509244.515,TC,DE,"65",45.870930,"668","3",90.00,"182",25.5,"1","0",RLK
"28891",426174.531,5509244.515,,LA,,,,,,,,"-2","-2",RLK
"29104",431674.531,5508744.515,TC,DE,"30",30.298401,"295","4",80.00,"252",31.3,"3","1",RLK
"28899",430174.531,5509244.515,,LA,,,,,,,,"-2","-2",RLK
"29101",430174.531,5508744.515,,LA,,,,,,,,"-2","-2",RLK
"28487",426174.531,5510244.515,TC,DE,"75",56.344337,"556","3",60.00,"112",28.4,"3","3",RLK
"28488",426674.531,5510244.515,TC,DE,"65",63.758121,"336","3",60.00,"212",40.6,"3","3",RLK
"28890",425674.531,5509244.515,TC,DE,"70",75.347946,"384","3",85.00,"112",38.9,"3","3",RLK
"29099",429174.531,5508744.515,TC,OP,"60",65.000000,"235","4",80.00,"312",45.3,"3","2",RLK
"29302",429674.531,5508244.515,TC,OP,"60",39.358349,"2043","2",60.00,"34",18.3,"1","0",RLK
"29304",430674.531,5508244.515,TM,DE,"40",46.659401,"252","4",80.00,"182",40.8,"3","2",RLK
"29092",425674.531,5508744.515,TB,OP,"45",26.032049,"898","3",100.00,"27",23.6,"2","1",RLK
"29294",425674.531,5508244.515,TC,SP,"20",7.179520,"660",,45.00,"17",9.3,"3","3",RLK
"29308",432674.531,5508244.515,TC,DE,"65",35.823952,"1171","3",50.00,"112",15.9,"2","1",RLK
"28492",428674.531,5510244.515,TC,DE,"75",40.924129,"3316","2",80.00,"56",19.4,"3","1",RLK
"28696",429674.531,5509744.515,TC,OP,"60",38.794510,"2390","3",40.00,"56",21.9,"1","1",RLK
"28898",429674.531,5509244.515,TC,OP,"60",38.794510,"2390","3",40.00,"56",21.9,"2","1",RLK
"29100",429674.531,5508744.515,TC,OP,"60",35.988518,"2103","2",80.00,"56",18.2,"2","1",RLK
"28697",430174.531,5509744.515,TC,DE,"75",37.043159,"3092","2",40.00,"56",17.8,"2","1",RLK
"29303",430174.531,5508244.515,TM,OP,"60",37.274708,"1466","4",50.00,"57",21.7,"2","1",RLK
"28491",428174.531,5510244.515,TC,OP,"55",57.476360,"274","3",50.00,"112",40.0,"3","1",RLK
"28900",430674.531,5509244.515,TC,DE,"80",45.208038,"2248","2",80.00,"57",19.3,"2","1",RLK
"29102",430674.531,5508744.515,TC,DE,"75",39.961720,"1932","2",90.00,"59",17.9,"2","1",RLK
"28699",431174.531,5509744.515,TC,DE,"80",45.385841,"2282","2",70.00,"59",19.1,"2","1",RLK
"29508",431674.531,5507744.515,TC,OP,"55",51.230999,"342","3",70.00,"132",35.3,"3","1",RLK
"29511",433174.531,5507744.515,TC,DE,"50",45.613777,"403","4",90.00,"182",31.6,"3","3",RLK
"29106",432674.531,5508744.515,TC,DE,"75",49.664909,"1001","3",50.00,"49",21.9,"2","1",RLK
"29505",430174.531,5507744.515,SL,DE,"5",20.380009,"1224","3",40.00,"27",13.1,"1","0",RLK
"29711",432174.531,5507244.515,TC,DE,"80",50.192421,"750","2",55.00,"58",22.0,"2","1",RLK
"29713",433174.531,5507244.515,TC,DE,"80",65.831963,"667","3",70.00,"54",28.3,"1","0",RLK
"29706",429674.531,5507244.515,TC,DE,"65",47.213707,"537","3",90.00,"152",28.8,"3","2",RLK
"29506",430674.531,5507744.515,TC,OP,"50",14.272270,"1029","2",90.00,"22",11.9,"1","1",RLK
"28690",426674.531,5509744.515,TC,DE,"75",56.344337,"556","3",60.00,"112",28.4,"3","2",RLK
"28892",426674.531,5509244.515,TC,DE,"65",56.700909,"415","3",90.00,"112",33.7,"3","2",RLK
"28893",427174.531,5509244.515,TC,DE,"65",56.700909,"415","3",90.00,"112",33.7,"3","2",RLK
"29096",427674.531,5508744.515,TC,DE,"65",56.700909,"415","3",90.00,"112",33.7,"3","2",RLK
"28489",427174.531,5510244.515,TC,OP,"60",55.253529,"414","4",60.00,"122",33.4,"3","2",RLK
"28490",427674.531,5510244.515,,LA,,,,,,,,"3","2",RLK
"28688",425674.531,5509744.515,TC,DE,"80",79.615105,"423","3",80.00,"82",36.1,"3","2",RLK
"29295",426174.531,5508244.515,TC,DE,"70",66.306190,"449","3",80.00,"92",33.3,"3","2",RLK
"28689",426174.531,5509744.515,TC,DE,"70",35.870949,"249","4",60.00,"187",38.7,"3","2",RLK
"29093",426174.531,5508744.515,TC,OP,"60",38.038109,"627","3",85.00,"82",24.1,"3","2",RLK
"28901",431174.531,5509244.515,TC,DE,"80",45.208038,"2248","2",80.00,"57",19.3,"2","0",RLK
"29103",431174.531,5508744.515,TC,OP,"50",39.205933,"2190","3",40.00,"54",21.4,"1","0",RLK
"29305",431174.531,5508244.515,TC,OP,"50",39.205933,"2190","3",40.00,"54",21.4,"1","0",RLK
"29306",431674.531,5508244.515,TC,DE,"75",40.273628,"2197","2",70.00,"54",18.0,"1","0",RLK
"29307",432174.531,5508244.515,TC,DE,"80",41.048492,"1065","2",40.00,"54",15.2,"1","0",RLK
"29105",432174.531,5508744.515,TC,OP,"60",33.425781,"741","2",70.00,"112",21.1,"1","0",RLK
"29509",432174.531,5507744.515,TC,OP,"55",51.230999,"342","3",70.00,"132",35.3,"1","0",RLK
"29507",431174.531,5507744.515,TM,DE,"65",48.127121,"2395","3",50.00,"39",13.5,"1","0",RLK
"29709",431174.531,5507244.515,TC,OP,"55",26.402229,"1410","2",75.00,"30",14.7,"1","0",RLK
"29710",431674.531,5507244.515,TC,DE,"65",66.145157,"372","3",90.00,"132",39.4,"3","3",RLK
"29700",426674.531,5507244.515,TC,SP,"20",11.349609,"962",,50.00,"19",9.8,"1","0",RLK
"29708",430674.531,5507244.515,TC,DE,"65",65.528290,"363","3",50.00,"147",40.2,"3","3",RLK
"29914",432674.531,5506744.515,TC,OP,"55",33.010658,"766","3",60.00,"59",19.7,"2","1",RLK
"29902",426674.531,5506744.515,TC,SP,"20",11.349609,"962",,50.00,"19",9.8,"1","0",RLK
"28691",427174.531,5509744.515,,LA,,,,,,,,"-2","-2",RLK
"28692",427674.531,5509744.515,,LA,,,,,,,,"-2","-2",RLK
"28894",427674.531,5509244.515,,LA,,,,,,,,"-2","-2",RLK
"29298",427674.531,5508244.515,,LA,,,,,,,,"-2","-2",RLK
"28895",428174.531,5509244.515,,LA,,,,,,,,"-2","-2",RLK
"29097",428174.531,5508744.515,,LA,,,,,,,,"-2","-2",RLK
"29098",428674.531,5508744.515,,LA,,,,,,,,"-2","-2",RLK
"29299",428174.531,5508244.515,,LA,,,,,,,,"-2","-2",RLK
"29300",428674.531,5508244.515,,LA,,,,,,,,"-2","-2",RLK
"29301",429174.531,5508244.515,,LA,,,,,,,,"-2","-2",RLK
"29501",428174.531,5507744.515,,LA,,,,,,,,"-2","-2",RLK
"29502",428674.531,5507744.515,,LA,,,,,,,,"-2","-2",RLK
"29503",429174.531,5507744.515,,LA,,,,,,,,"-2","-2",RLK
"29504",429674.531,5507744.515,,LA,,,,,,,,"-2","-2",RLK
"29704",428674.531,5507244.515,,LA,,,,,,,,"-2","-2",RLK
"29705",429174.531,5507244.515,,LA,,,,,,,,"-2","-2",RLK
"29907",429174.531,5506744.515,TC,DE,"70",66.642654,"437","4",60.00,"237",36.5,"3","2",RLK
"29707",430174.531,5507244.515,TC,OP,"45",47.268120,"277","4",80.00,"122",36.5,"3","2",RLK
"30107",428174.531,5506244.515,TC,DE,"80",66.179291,"556","4",40.00,"57",31.2,"1","0",RLK
"30114",431674.531,5506244.515,TC,DE,"65",50.510509,"520","2",70.00,"92",29.1,"3","3",RLK
"30102",425674.531,5506244.515,TC,DE,"70",58.642250,"512","3",65.00,"122",30.3,"3","1",RLK
"30108",428674.531,5506244.515,TC,DE,"70",66.642654,"437","4",60.00,"237",36.5,"-2","-2",RLK
"30112",430674.531,5506244.515,TB,DE,"80",42.107201,"888","2",100.00,"57",22.4,"1","0",RLK
"29912",431674.531,5506744.515,TC,DE,"65",46.392891,"670","3",55.00,"72",24.2,"2","2",RLK
"30100",424674.531,5506244.515,TC,DE,"65",64.063965,"354","3",70.00,"177",40.9,"3","2",RLK
"30104",426674.531,5506244.515,TC,DE,"75",71.401138,"423","4",75.00,"122",36.5,"1","0",RLK
"30103",426174.531,5506244.515,TC,OP,"45",9.328560,"785",,73.00,"22",9.8,"1","0",RLK
"29898",424674.531,5506744.515,TC,DE,"70",70.524223,"435","3",85.00,"157",38.0,"3","2",RLK
"30301",424174.531,5505744.515,TC,OP,"55",34.939701,"627","3",80.00,"77",24.4,"3","2",RLK
"30302",424674.531,5505744.515,TC,SP,"20",12.838090,"1068","2",60.00,"21",10.5,"1","0",RLK
"30316",431674.531,5505744.515,TC,OP,"55",41.672649,"448","3",90.00,"112",29.5,"3","2",RLK
"29910",430674.531,5506744.515,TC,DE,"65",65.528290,"363","3",50.00,"147",40.2,"3","2",RLK
"29911",431174.531,5506744.515,TC,DE,"65",65.528290,"363","3",50.00,"147",40.2,"3","2",RLK
"30113",431174.531,5506244.515,TC,DE,"65",65.528290,"363","3",50.00,"147",40.2,"3","2",RLK
"30314",430674.531,5505744.515,TM,DE,"65",45.189972,"451","2",70.00,"72",28.1,"3","2",RLK
"30315",431174.531,5505744.515,TC,OP,"60",64.806747,"380","3",80.00,"112",36.8,"3","2",RLK
"30517",431174.531,5505244.515,TM,DE,"65",45.189972,"451","2",70.00,"72",28.1,"3","2",RLK
"30516",430674.531,5505244.515,TC,DE,"65",62.245049,"388","3",40.00,"237",38.5,"3","2",RLK
"30319",433174.531,5505744.515,TC,OP,"45",38.837330,"1567","3",40.10,"37",19.0,"2","1",RLK
"30503",424174.531,5505244.515,TC,OP,"60",51.461510,"509","4",80.00,"82",29.6,"3","2",RLK
"30504",424674.531,5505244.515,TC,OP,"60",51.461510,"509","4",80.00,"82",29.6,"3","3",RLK
"30303",425174.531,5505744.515,TC,DE,"65",63.559265,"350","4",70.00,"232",40.5,"3","3",RLK
"30304",425674.531,5505744.515,TC,DE,"65",63.559265,"350","4",70.00,"232",40.5,"3","3",RLK
"30507",426174.531,5505244.515,TC,OP,"30",,"2545",,40.00,"18",6.4,"1","0",RLK
"30317",432174.531,5505744.515,TC,OP,"60",57.672932,"628","2",45.00,"82",25.9,"3","1",RLK
"30518",431674.531,5505244.515,TC,DE,"70",52.953293,"1347",,70.00,"83",23.7,"3","1",RLK
"30519",432174.531,5505244.515,TC,OP,"40",20.080799,"1383",,60.00,"83",13.3,"3","1",RLK
"30720",431674.531,5504744.515,TC,OP,"40",47.067146,"664",,60.00,"93",31.0,"3","1",RLK
"30708",425674.531,5504744.515,TC,DE,"70",67.442009,"421","3",90.00,"122",35.5,"3","2",RLK
"30709",426174.531,5504744.515,TC,DE,"80",79.910423,"408","3",85.00,"122",39.7,"3","3",RLK
"30506",425674.531,5505244.515,TC,DE,"80",79.910423,"408","3",85.00,"122",39.7,"1","0",RLK
"30505",425174.531,5505244.515,TC,OP,"40",17.999451,"1261",,50.00,"23",12.7,"1","0",RLK
"30710",426674.531,5504744.515,TC,DE,"80",72.574791,"512","3",75.00,"82",32.8,"3","2",RLK
"30508",426674.531,5505244.515,TC,DE,"65",47.320629,"535","3",60.00,"82",32.8,"3","2",RLK
"30705",424174.531,5504744.515,TC,SP,"15",20.696371,"633","3",80.00,"37",18.4,"3","2",RLK
"30706",424674.531,5504744.515,TC,DE,"65",54.632904,"612","4",85.00,"62",31.6,"3","1",RLK
"30707",425174.531,5504744.515,TC,DE,"65",52.419392,"509","3",65.00,"72",30.3,"3","1",RLK
"30110",429674.531,5506244.515,TC,OP,"60",50.277382,"498","3",80.00,"142",30.0,"3","2",RLK
"30713",428174.531,5504744.515,TC,DE,"65",64.054237,"392","4",90.00,"122",36.5,"3","2",RLK
"30715",429174.531,5504744.515,TC,DE,"65",51.266640,"499","3",100.00,"132",30.1,"3","2",RLK
"30309",428174.531,5505744.515,TC,DE,"65",66.233459,"378","3",70.00,"152",40.1,"3","2",RLK
"30924",432674.531,5504244.515,TC,OP,"40",54.550217,"652",,70.00,"350",28.3,"2","1",RLK
"30907",424174.531,5504244.515,TM,SP,"15",6.597460,"250","5",50.00,"52",16.3,"3","3",RLK
"30911",426174.531,5504244.515,TC,DE,"80",78.569458,"408","3",85.00,"122",37.6,"3","1",RLK
"30918",429674.531,5504244.515,TC,SP,"11",,"1057",,80.00,"5",0.8,"1","0",RLK
"30923",432174.531,5504244.515,TC,DE,"70",50.571995,"1128",,45.00,"118",21.4,"3","2",RLK
"30920",430674.531,5504244.515,TC,OP,"50",10.956711,"858",,70.00,"18",11.8,"1","0",RLK
"31124",431674.531,5503744.515,TC,DE,"70",57.577793,"1090",,40.10,"83",27.9,"3","2",RLK
"30910",425674.531,5504244.515,TC,SP,"25",19.150570,"351","3",85.00,"72",24.7,"3","2",RLK
"31119",429174.531,5503744.515,TC,DE,"60",65.570770,"360","2",90.00,"87",38.0,"3","2",RLK
"31122",430674.531,5503744.515,TM,DE,"70",49.637569,"501","2",60.00,"77",27.9,"3","1",RLK
"31326",431674.531,5503244.515,TC,DE,"90",70.511444,"748",,70.00,"73",40.4,"3","3",RLK
"30922",431674.531,5504244.515,TC,DE,"80",62.084671,"1371",,60.00,"80",27.0,"3","3",RLK
"31325",431174.531,5503244.515,TM,DE,"70",49.637569,"501","2",60.00,"77",27.9,"3","3",RLK
"31123",431174.531,5503744.515,TC,DE,"70",77.087265,"365","2",90.00,"87",40.1,"3","3",RLK
"30921",431174.531,5504244.515,TC,DE,"70",58.763588,"526","2",100.00,"82",30.7,"3","3",RLK
"30718",430674.531,5504744.515,TC,DE,"70",76.911911,"345","3",40.00,"82",41.6,"3","3",RLK
"30719",431174.531,5504744.515,TC,DE,"65",63.169128,"233","3",50.00,"87",41.2,"3","3",RLK
"31320",428674.531,5503244.515,TC,DE,"75",73.027817,"387","2",100.00,"91",38.8,"3","3",RLK
"31327",432174.531,5503244.515,TC,DE,"90",70.511444,"748",,70.00,"73",40.4,"3","1",RLK
"30515",430174.531,5505244.515,TC,OP,"60",48.621746,"247","3",40.00,"122",39.7,"3","2",RLK
"30717",430174.531,5504744.515,TM,DE,"70",53.261642,"543","4",40.00,"72",29.1,"3","2",RLK
"31319",428174.531,5503244.515,TC,OP,"50",60.255577,"275","3",95.00,"82",40.5,"3","2",RLK
"31118",428674.531,5503744.515,TC,OP,"50",38.000011,"361","2",100.00,"92",29.1,"3","2",RLK
"30917",429174.531,5504244.515,TC,DE,"70",70.831482,"393","2",80.00,"112",37.9,"3","2",RLK
"29094",426674.531,5508744.515,TC,DE,"70",71.440460,"419","4",85.00,"192",39.7,"3","3",RLK
"29095",427174.531,5508744.515,TC,DE,"75",67.939178,"421","4",50.00,"112",34.7,"3","3",RLK
"30109",429174.531,5506244.515,TC,DE,"75",66.691002,"438","2",60.00,"237",36.5,"3","3",RLK
"30106",427674.531,5506244.515,TC,DE,"85",65.342697,"559","2",100.00,"102",29.8,"3","3",RLK
"29909",430174.531,5506744.515,TC,OP,"60",50.277382,"498","3",80.00,"142",30.0,"3","3",RLK
"30111",430174.531,5506244.515,TC,OP,"60",50.277382,"498","3",80.00,"142",30.0,"3","3",RLK
"29703",428174.531,5507244.515,TC,DE,"65",64.879295,"369","3",60.00,"112",37.9,"3","3",RLK
"29905",428174.531,5506744.515,TC,DE,"75",64.713943,"445","3",60.00,"112",33.7,"3","3",RLK
"29702",427674.531,5507244.515,TC,DE,"65",61.490501,"387","2",90.00,"82",36.1,"3","3",RLK
"29908",429674.531,5506744.515,TC,OP,"45",39.495659,"330","4",70.00,"162",32.8,"3","3",RLK
"29906",428674.531,5506744.515,TC,DE,"70",70.610931,"387","3",50.00,"102",37.2,"3","3",RLK
"29297",427174.531,5508244.515,TC,DE,"30",34.999989,"210","3",85.00,"337",40.3,"3","3",RLK
"29500",427674.531,5507744.515,TC,DE,"30",34.999989,"210","3",85.00,"337",40.3,"3","3",RLK
"29903",427174.531,5506744.515,TC,DE,"75",71.401138,"423","4",75.00,"122",36.5,"3","3",RLK
"30105",427174.531,5506244.515,TC,DE,"75",71.401138,"423","4",75.00,"122",36.5,"3","3",RLK
"30101",425174.531,5506244.515,TC,DE,"70",58.642250,"512","3",65.00,"122",30.3,"3","3",RLK
"29899",425174.531,5506744.515,TC,DE,"75",49.795208,"614","3",80.00,"102",28.7,"3","3",RLK
"29498",426674.531,5507744.515,TC,DE,"75",67.712784,"443","2",90.00,"82",35.1,"3","3",RLK
"29499",427174.531,5507744.515,TC,DE,"75",67.712784,"443","2",90.00,"82",35.1,"3","3",RLK
"29699",426174.531,5507244.515,TC,DE,"75",67.712784,"443","2",90.00,"82",35.1,"3","3",RLK
"29900",425674.531,5506744.515,TC,DE,"75",56.367538,"549","3",80.00,"122",29.2,"3","3",RLK
"29495",425174.531,5507744.515,TC,DE,"65",61.952660,"428","3",70.00,"162",35.9,"3","3",RLK
"29697",425174.531,5507244.515,TC,DE,"65",61.952660,"428","3",70.00,"162",35.9,"3","3",RLK
"29901",426174.531,5506744.515,TC,DE,"65",61.952660,"428","3",70.00,"162",35.9,"3","3",RLK
"29701",427174.531,5507244.515,TC,DE,"65",66.233459,"378","3",70.00,"152",40.1,"3","3",RLK
"29904",427674.531,5506744.515,TC,DE,"65",66.233459,"378","3",70.00,"152",40.1,"3","3",RLK
"29496",425674.531,5507744.515,TC,DE,"70",66.324837,"451","3",90.00,"132",34.2,"3","3",RLK
"29698",425674.531,5507244.515,TC,DE,"70",66.324837,"451","3",90.00,"132",34.2,"3","3",RLK
"29296",426674.531,5508244.515,TC,DE,"75",62.135468,"508","3",85.00,"82",31.8,"3","3",RLK
"29497",426174.531,5507744.515,TC,DE,"75",62.135468,"508","3",85.00,"82",31.8,"3","3",RLK
"30099",424174.531,5506244.515,TC,DE,"65",64.063965,"354","3",70.00,"177",40.9,"3","3",RLK
"30912",426674.531,5504244.515,TC,DE,"80",72.255722,"492","3",85.00,"82",32.8,"3","3",RLK
"30913",427174.531,5504244.515,TC,DE,"80",72.255722,"492","3",85.00,"82",32.8,"3","3",RLK
"30509",427174.531,5505244.515,TC,DE,"75",66.445442,"436","4",55.00,"82",34.0,"3","3",RLK
"30711",427174.531,5504744.515,TC,DE,"75",66.445442,"436","4",55.00,"82",34.0,"3","3",RLK
"30307",427174.531,5505744.515,TC,DE,"75",71.401138,"423","4",75.00,"122",36.5,"3","3",RLK
"30305",426174.531,5505744.515,TC,DE,"65",63.559265,"350","4",70.00,"232",40.5,"3","3",RLK
"30306",426674.531,5505744.515,TC,DE,"70",67.417702,"454","4",80.00,"122",34.4,"3","3",RLK
"30714",428674.531,5504744.515,TC,DE,"65",64.054237,"392","4",90.00,"122",36.5,"3","3",RLK
"30512",428674.531,5505244.515,TC,DE,"65",59.199379,"416","2",90.00,"122",34.4,"3","3",RLK
"30513",429174.531,5505244.515,TC,DE,"65",51.266640,"499","3",100.00,"132",30.1,"3","3",RLK
"30310",428674.531,5505744.515,TC,DE,"75",67.896812,"446","2",90.00,"122",34.4,"3","3",RLK
"30308",427674.531,5505744.515,TC,DE,"65",66.233459,"378","3",70.00,"152",40.1,"3","3",RLK
"30313",430174.531,5505744.515,TC,OP,"45",47.211853,"248","3",40.00,"132",39.4,"3","3",RLK
"31113",426174.531,5503744.515,TC,DE,"70",68.879486,"415","4",45.00,"132",37.3,"3","3",RLK
"31316",426674.531,5503244.515,TC,DE,"65",61.952641,"423","4",70.00,"162",35.9,"3","3",RLK
"31114",426674.531,5503744.515,TC,DE,"70",68.129456,"464","4",60.00,"132",33.7,"3","3",RLK
"31524",429674.531,5502744.515,TC,OP,"60",65.597076,"357","2",90.00,"91",38.8,"3","3",RLK
"31120",429674.531,5503744.515,TC,SP,"11",,"939",,70.00,"7",1.0,"1","0",RLK
"31322",429674.531,5503244.515,TC,SP,"11",,"939",,70.00,"7",1.0,"1","0",RLK
"31321",429174.531,5503244.515,TC,DE,"60",65.570770,"360","2",90.00,"87",38.0,"1","0",RLK
"31522",428674.531,5502744.515,TC,DE,"55",54.456978,"313","2",70.00,"82",37.2,"1","0",RLK
"31525",430174.531,5502744.515,TM,DE,"65",48.231747,"470","2",60.00,"82",28.9,"3","3",RLK
"31323",430174.531,5503244.515,TC,DE,"75",73.410110,"385","2",100.00,"87",39.0,"3","3",RLK
"30919",430174.531,5504244.515,TC,DE,"70",70.831482,"393","2",80.00,"112",37.9,"3","1",RLK
"31523",429174.531,5502744.515,TC,OP,"60",65.597076,"357","2",90.00,"91",38.8,"3","1",RLK
"31121",430174.531,5503744.515,TM,DE,"85",49.259750,"465","4",60.00,"72",29.1,"3","1",RLK
"31521",428174.531,5502744.515,TC,DE,"70",73.865387,"378","2",90.00,"82",39.4,"3","1",RLK
"30909",425174.531,5504244.515,TC,DE,"65",52.419392,"509","3",65.00,"72",30.3,"3","3",RLK
"30908",424674.531,5504244.515,TC,DE,"65",62.964020,"401","4",65.00,"142",37.2,"3","3",RLK
"31111",425174.531,5503744.515,TC,DE,"75",74.305908,"388","4",65.00,"162",41.0,"3","3",RLK
"31112",425674.531,5503744.515,TC,DE,"80",69.053284,"544","4",55.00,"122",31.3,"3","3",RLK
"31731",432174.531,5502244.515,TC,OP,"40",36.743580,"924",,40.00,"83",22.5,"3","1",RLK
"31727",430174.531,5502244.515,TC,DE,"70",72.936836,"379","2",80.00,"87",39.0,"3","2",RLK
"31730",431674.531,5502244.515,SL,OP,,,,,,,,"1","0",RLK
"31726",429674.531,5502244.515,TC,DE,"75",73.027817,"387","2",100.00,"91",38.8,"3","2",RLK
"31324",430674.531,5503244.515,TC,DE,"65",68.318848,"364","3",80.00,"77",38.8,"3","2",RLK
"31528",431674.531,5502744.515,TC,OP,"60",51.859795,"1249",,60.00,"83",23.7,"3","2",RLK
"31932",431674.531,5501744.515,SL,SP,,,,,,,,"3","1",RLK
"31931",431174.531,5501744.515,TC,OP,"60",62.463867,"596",,50.00,"83",38.2,"3","1",RLK
"31729",431174.531,5502244.515,TC,OP,"60",65.553848,"789",,60.00,"83",36.2,"3","1",RLK
"31527",431174.531,5502744.515,TC,DE,"70",71.528831,"387","2",70.00,"77",36.6,"3","1",RLK
"31933",432174.531,5501744.515,TC,OP,"40",36.743580,"924",,40.00,"83",22.5,"3","2",RLK
"30311",429174.531,5505744.515,,LA,,,,,,,,"-2","-2",RLK
"30312",429674.531,5505744.515,,LA,,,,,,,,"-2","-2",RLK
"30511",428174.531,5505244.515,,LA,,,,,,,,"-2","-2",RLK
"30514",429674.531,5505244.515,,LA,,,,,,,,"-2","-2",RLK
"30915",428174.531,5504244.515,,LA,,,,,,,,"-2","-2",RLK
"30916",428674.531,5504244.515,,LA,,,,,,,,"-2","-2",RLK
"31117",428174.531,5503744.515,,LA,,,,,,,,"-2","-2",RLK
"30716",429674.531,5504744.515,TC,DE,"65",65.678337,"359","3",75.00,"92",38.7,"-2","-2",RLK
"30510",427674.531,5505244.515,,LA,"1",1.067390,"10","4",60.00,"97",26.7,"-2","-2",RLK
"30712",427674.531,5504744.515,,LA,"1",1.067390,"10","4",60.00,"97",26.7,"-2","-2",RLK
"30914",427674.531,5504244.515,,LA,"1",1.067390,"10","4",60.00,"97",26.7,"-2","-2",RLK
"31115",427174.531,5503744.515,,LA,"1",1.067390,"10","4",60.00,"97",26.7,"-2","-2",RLK
"31116",427674.531,5503744.515,,LA,"1",1.067390,"10","4",60.00,"97",26.7,"-2","-2",RLK
"31317",427174.531,5503244.515,,LA,"1",1.067390,"10","4",60.00,"97",26.7,"-2","-2",RLK
"31318",427674.531,5503244.515,,LA,"1",1.067390,"10","4",60.00,"97",26.7,"-2","-2",RLK
"32752",437674.531,5499744.515,SL,SP,"13",,"1650",,60.00,"14",6.0,"1","0",SKA
"32750",436674.531,5499744.515,TC,OP,"30",31.999969,"100","3",70.00,"315",34.5,"3","3",SKA
"32751",437174.531,5499744.515,TC,DE,"70",59.449299,"586","2",70.00,"112",27.2,"3","3",SKA
"32749",436174.531,5499744.515,TC,DE,"70",68.781296,"483","2",50.00,"75",34.6,"3","1",SKA
"32955",438174.531,5499244.515,TM,DE,"65",43.348404,"494","3",50.00,"78",26.9,"3","1",SKA
"32950",435674.531,5499244.515,TC,OP,"30",38.238640,"841",,60.00,"103",19.8,"2","1",SKA
"32952",436674.531,5499244.515,TC,OP,"60",67.000702,"415","3",70.00,"337",36.4,"3","3",SKA
"33158",438674.531,5498744.515,TC,DE,"70",71.721512,"400","3",80.00,"113",36.9,"1","0",SKA
"33360",438674.531,5498244.515,TC,OP,"50",53.020180,"323","3",55.00,"113",35.9,"3","2",SKA
"33359",438174.531,5498244.515,TC,SP,"25",15.786470,"1281","3",50.00,"29",10.5,"3","3",SKA
"33353",435174.531,5498244.515,TC,OP,"40",43.154747,"748",,90.00,"109",25.1,"3","2",SKA
"33354",435674.531,5498244.515,TC,OP,"40",43.154747,"748",,90.00,"109",25.1,"3","1",SKA
"33356",436674.531,5498244.515,TC,OP,"55",55.000389,"417","2",60.00,"463",30.2,"3","2",SKA
"33155",437174.531,5498744.515,TC,DE,"75",52.378021,"560","2",70.00,"78",27.9,"3","2",SKA
"33154",436674.531,5498744.515,TC,OP,"50",60.000362,"385","3",40.00,"363",32.3,"3","2",SKA
"33357",437174.531,5498244.515,TC,OP,"55",35.055988,"671","2",40.10,"93",21.1,"3","2",SKA
"33156",437674.531,5498744.515,TC,OP,"45",48.258240,"625","3",60.00,"313",41.3,"3","2",SKA
"32954",437674.531,5499244.515,TC,DE,"70",69.306549,"424","3",60.00,"143",37.3,"3","2",SKA
"32953",437174.531,5499244.515,TC,DE,"70",59.076309,"595","2",80.00,"88",29.5,"3","2",SKA
"33558",436674.531,5497744.515,TC,DE,"65",56.029621,"423","3",60.00,"123",33.5,"3","2",SKA
"33560",437674.531,5497744.515,TC,OP,"30",25.223370,"1354","2",45.10,"28",15.2,"1","0",SKA
"33358",437674.531,5498244.515,TC,OP,"45",48.258240,"625","3",60.00,"313",41.3,"1","0",SKA
"33157",438174.531,5498744.515,SL,DE,,0.000000,"0",,,,,"1","0",SKA
"33559",437174.531,5497744.515,SL,DE,,0.000000,"0",,,,,"1","0",SKA
"33561",438174.531,5497744.515,TC,DE,"55",45.284172,"429","3",50.00,"73",31.7,"3","3",SKA
"33562",438674.531,5497744.515,TC,OP,"45",41.808472,"302","3",70.00,"112",33.7,"3","1",SKA
"31728",430674.531,5502244.515,EL,UR,,,,,,,,"0","0",RLK
"31526",430674.531,5502744.515,TM,SP,"11",,"1400",,60.00,"1",0.3,"1","0",RLK
"33555",435174.531,5497744.515,TC,OP,"40",34.174953,"622","3",50.00,"63",24.1,"2","1",SKA
"33556",435674.531,5497744.515,TC,OP,"60",36.143051,"967","2",70.00,"68",17.9,"2","1",SKA
"33557",436174.531,5497744.515,TC,OP,"45",38.732300,"615","3",40.00,"63",18.8,"2","1",SKA
"33764",438674.531,5497244.515,TM,DE,"75",45.828758,"497","2",50.00,"73",27.1,"3","2",SKA
"33965",438174.531,5496744.515,TC,DE,"75",68.090546,"451","2",85.00,"123",34.0,"3","3",SKA
"33964",437674.531,5496744.515,TC,DE,"70",73.988297,"430","2",40.00,"73",36.3,"3","3",SKA
"33966",438674.531,5496744.515,TC,DE,"75",83.469482,"393","2",70.00,"123",39.1,"3","3",SKA
"33763",438174.531,5497244.515,TC,DE,"70",68.073715,"530","2",50.00,"68",31.6,"3","3",SKA
"33762",437674.531,5497244.515,TC,DE,"60",52.531708,"598","2",50.10,"68",27.0,"3","3",SKA
"33958",434674.531,5496744.515,TC,DE,"65",45.101040,"705","2",80.00,"82",22.4,"2","1",SKA
"30115",432174.531,5506244.515,TC,DE,"65",55.235085,"556","3",50.00,"292",27.6,"2","0",RLK
"30722",432674.531,5504744.515,TC,OP,"50",70.585373,"682",,50.00,"313",33.1,"2","0",RLK
"30721",432174.531,5504744.515,TC,OP,"40",20.080799,"1383",,60.00,"83",13.3,"1","0",RLK
"31328",432674.531,5503244.515,TC,OP,"40",18.561390,"1315",,50.00,"42",10.5,"1","0",RLK
"31530",432674.531,5502744.515,TC,OP,"40",18.561390,"1315",,50.00,"42",10.5,"1","0",RLK
"31125",432174.531,5503744.515,TC,SP,"20",20.866970,"1305",,60.00,"46",11.5,"1","0",RLK
"31126",432674.531,5503744.515,TC,SP,"20",20.866970,"1305",,60.00,"46",11.5,"1","0",RLK
"31529",432174.531,5502744.515,TC,DE,"70",66.722542,"732",,50.00,"150",33.7,"1","0",RLK
"31732",432674.531,5502244.515,SL,SP,"5",9.227690,"855",,70.00,"35",8.6,"1","0",RLK
"33756",434674.531,5497244.515,TC,OP,"40",37.443729,"529","3",70.00,"62",26.0,"2","0",SKA
"29913",432174.531,5506744.515,TC,DE,"80",50.192421,"750","2",55.00,"58",22.0,"1","0",RLK
"30116",432674.531,5506244.515,TC,OP,"55",37.283531,"881","2",50.00,"52",20.0,"1","0",RLK
"30318",432674.531,5505744.515,TC,OP,"55",37.283531,"881","2",50.00,"52",20.0,"1","0",RLK
"29712",432674.531,5507244.515,TC,SP,"20",21.091278,"1346","4",60.00,"34",12.3,"1","0",RLK
"29915",433174.531,5506744.515,TC,SP,"20",21.091278,"1346","4",60.00,"34",12.3,"1","0",RLK
"29510",432674.531,5507744.515,TC,DE,"65",42.685349,"825","2",50.00,"56",23.3,"1","0",RLK
"30117",433174.531,5506244.515,TC,OP,"55",37.031769,"888","3",50.00,"55",19.6,"1","0",RLK
"30520",432674.531,5505244.515,TC,OP,"30",19.520321,"1090",,40.10,"83",12.4,"1","0",RLK
"33153",436174.531,5498744.515,TC,SP,"10",15.525749,"1425","3",50.00,"27",11.1,"1","0",SKA
"33152",435674.531,5498744.515,SL,SP,"5",,"1500",,70.00,"33",6.6,"1","0",SKA
"33151",435174.531,5498744.515,TC,DE,"100",10.665891,"1051",,50.00,"41",8.7,"1","0",SKA
"32951",436174.531,5499244.515,TC,SP,"10",6.758950,"722","3",60.00,"27",8.7,"1","0",SKA
"33757",435174.531,5497244.515,SL,DE,,0.000000,"0",,,,,"1","0",SKA
"33758",435674.531,5497244.515,TC,SP,"10",38.153351,"2428","2",50.00,"35",16.4,"1","0",SKA
"33355",436174.531,5498244.515,TC,SP,"25",21.679939,"1741","3",55.00,"33",12.5,"1","0",SKA
"33960",435674.531,5496744.515,TC,OP,"50",36.779751,"1503","3",60.00,"51",19.8,"1","0",SKA
"33959",435174.531,5496744.515,TC,OP,"50",40.260818,"1433","3",60.00,"45",22.5,"1","0",SKA
"34372",439674.531,5495744.515,TC,DE,"65",49.663586,"519","3",50.00,"108",28.6,"1","0",SKA
"34161",435174.531,5496244.515,TC,OP,"35",28.743382,"981","3",60.00,"45",22.5,"1","1",SKA
"34162",435674.531,5496244.515,TC,OP,"50",36.779751,"1503","3",60.00,"51",19.8,"2","2",SKA
"34370",438674.531,5495744.515,TC,DE,"65",63.793900,"446","3",60.00,"113",32.2,"2","1",SKA
"34369",438174.531,5495744.515,TC,OP,"45",37.265160,"426","3",45.00,"243",28.9,"3","3",SKA
"33967",439174.531,5496744.515,TC,DE,"65",67.881012,"346","3",70.00,"123",40.8,"3","2",SKA
"33760",436674.531,5497244.515,TC,DE,"70",60.334263,"647","3",40.00,"68",27.0,"3","2",SKA
"33761",437174.531,5497244.515,TC,DE,"70",60.334263,"647","3",40.00,"68",27.0,"3","2",SKA
"33963",437174.531,5496744.515,TC,DE,"70",60.334263,"647","3",40.00,"68",27.0,"3","2",SKA
"34169",439174.531,5496244.515,TC,OP,"55",60.574608,"303","2",65.00,"103",37.9,"3","2",SKA
"34167",438174.531,5496244.515,TC,DE,"70",62.078732,"554","3",70.00,"73",29.8,"3","2",SKA
"34168",438674.531,5496244.515,TC,OP,"55",58.507214,"244","3",70.00,"98",32.7,"3","3",SKA
"34371",439174.531,5495744.515,TC,OP,"60",66.784088,"410","3",65.00,"113",34.2,"3","3",SKA
"34362",434674.531,5495744.515,TC,OP,"50",45.000000,"562","3",70.00,"462",25.2,"2","1",SKA
"34574",439674.531,5495244.515,TC,DE,"65",56.576672,"413","3",60.00,"113",33.8,"3","3",SKA
"34564",434674.531,5495244.515,TC,OP,"50",45.000000,"562","3",70.00,"462",25.2,"2","1",SKA
"34570",437674.531,5495244.515,TC,OP,"45",30.059170,"397","3",85.00,"313",21.7,"2","1",SKA
"34777",440174.531,5494744.515,TC,OP,"60",54.999962,"56","3",70.00,"103",36.3,"3","2",SKA
"34775",439174.531,5494744.515,TC,OP,"20",25.999990,"145","3",90.00,"337",44.3,"3","3",SKA
"34774",438674.531,5494744.515,TC,DE,"70",50.262993,"1086","2",60.00,"57",25.3,"2","1",SKA
"34563",434174.531,5495244.515,TC,DE,"65",62.341362,"760","2",60.00,"65",32.4,"2","1",SKA
"34765",434174.531,5494744.515,TC,OP,"60",51.123241,"997","2",60.00,"43",20.4,"2","1",SKA
"34768",435674.531,5494744.515,TC,OP,"55",42.939510,"620","3",65.00,"62",24.9,"2","1",SKA
"34977",439174.531,5494244.515,TC,DE,"60",70.000160,"192","2",70.00,"57",26.5,"1","1",SKA
"34972",436674.531,5494244.515,TC,SP,"10",20.513910,"1709","3",50.00,"30",12.1,"2","1",SKA
"34160",434674.531,5496244.515,TC,DE,"65",45.101040,"705","2",80.00,"82",22.4,"2","2",SKA
"34969",435174.531,5494244.515,TC,DE,"65",35.846138,"909","2",80.00,"67",20.6,"2","1",SKA
"34971",436174.531,5494244.515,TC,OP,"40",33.290722,"1697","3",50.00,"32",15.8,"1","1",SKA
"33961",436174.531,5496744.515,TC,OP,"45",38.948109,"1335","3",50.00,"47",18.5,"2","1",SKA
"33759",436174.531,5497244.515,TC,DE,"65",54.985229,"1689","2",50.00,"47",20.9,"2","1",SKA
"34567",436174.531,5495244.515,TC,OP,"50",40.387592,"694","2",60.00,"58",23.5,"2","1",SKA
"34769",436174.531,5494744.515,TC,OP,"50",40.387592,"694","2",60.00,"58",23.5,"2","1",SKA
"34566",435674.531,5495244.515,TC,OP,"50",40.387592,"694","2",60.00,"58",23.5,"2","1",SKA
"34364",435674.531,5495744.515,TC,OP,"55",62.000591,"345","3",70.00,"353",35.4,"2","1",SKA
"35182",440674.531,5493744.515,TC,OP,"45",10.633221,"908",,55.00,"18",10.2,"3","3",SKA
"34565",435174.531,5495244.515,TC,OP,"50",45.000000,"562","3",70.00,"462",25.2,"1","0",SKA
"34361",434174.531,5495744.515,TC,OP,"35",22.256729,"1857","2",50.00,"32",12.0,"1","0",SKA
"34363",435174.531,5495744.515,TC,OP,"35",22.256729,"1857","2",50.00,"32",12.0,"1","0",SKA
"34766",434674.531,5494744.515,TC,OP,"35",35.541031,"2441","2",60.00,"38",14.8,"1","0",SKA
"34767",435174.531,5494744.515,TC,SP,"25",25.032860,"1852","2",55.00,"43",17.9,"1","0",SKA
"34968",434674.531,5494244.515,TC,OP,"60",57.611012,"622","2",70.00,"63",27.0,"1","0",SKA
"34970",435674.531,5494244.515,TC,OP,"45",48.959316,"1581","2",55.00,"43",17.9,"1","0",SKA
"35176",437674.531,5493744.515,TC,SP,"10",41.728783,"1987","3",55.00,"38",18.8,"3","3",SKA
"34572",438674.531,5495244.515,TC,DE,"70",50.262993,"1086","2",60.00,"57",25.3,"2","2",SKA
"34573",439174.531,5495244.515,TC,DE,"65",56.576672,"413","3",60.00,"113",33.8,"3","1",SKA
"34979",440174.531,5494244.515,TM,OP,"60",35.168621,"522","3",70.00,"62",23.2,"2","0",SKA
"35181",440174.531,5493744.515,TC,DE,"65",64.999992,"235","3",90.00,"332",45.3,"1","0",SKA
"34776",439674.531,5494744.515,TC,SP,"11",,"671",,80.00,"2",0.3,"1","0",SKA
"34978",439674.531,5494244.515,TM,OP,"60",35.168621,"522","3",70.00,"62",23.2,"1","0",SKA
"34980",440674.531,5494244.515,TC,OP,"60",78.334991,"267","3",40.00,"122",45.1,"3","2",SKA
"35169",434174.531,5493744.515,TC,OP,"50",53.014011,"856","4",70.00,"54",21.8,"1","1",SKA
"35172",435674.531,5493744.515,TC,OP,"45",48.959316,"1581","2",55.00,"43",17.9,"3","3",SKA
"35374",435674.531,5493244.515,TC,OP,"45",48.959316,"1581","2",55.00,"43",17.9,"1","0",SKA
"35170",434674.531,5493744.515,TC,OP,"40",40.332428,"486","4",45.00,"67",26.7,"2","2",SKA
"35372",434674.531,5493244.515,TC,DE,"65",83.758774,"1090","2",70.00,"107",20.6,"3","2",SKA
"34967",434174.531,5494244.515,TC,OP,"45",35.536930,"560","3",70.00,"72",24.2,"3","2",SKA
"35380",438674.531,5493244.515,TC,DE,"80",49.362541,"946","2",90.00,"107",22.2,"3","2",SKA
"35371",434174.531,5493244.515,TC,OP,"50",43.712540,"874","3",60.00,"57",15.4,"1","0",SKA
"34164",436674.531,5496244.515,TC,SP,"10",21.226917,"1706","1",48.00,"33",12.5,"1","0",SKA
"34165",437174.531,5496244.515,TC,SP,"10",21.226917,"1706","1",48.00,"33",12.5,"1","0",SKA
"34367",437174.531,5495744.515,TC,SP,"10",21.226917,"1706","1",48.00,"33",12.5,"1","0",SKA
"34568",436674.531,5495244.515,TC,SP,"10",21.226917,"1706","1",48.00,"33",12.5,"1","0",SKA
"34569",437174.531,5495244.515,TC,SP,"10",21.226917,"1706","1",48.00,"33",12.5,"1","0",SKA
"34770",436674.531,5494744.515,TC,SP,"10",21.226917,"1706","1",48.00,"33",12.5,"1","0",SKA
"34166",437674.531,5496244.515,TC,OP,"45",37.265160,"426","3",45.00,"243",28.9,"1","0",SKA
"34368",437674.531,5495744.515,TC,OP,"45",37.265160,"426","3",45.00,"243",28.9,"1","0",SKA
"34571",438174.531,5495244.515,TC,SP,"25",29.341530,"2171","3",50.00,"32",15.8,"1","0",SKA
"34773",438174.531,5494744.515,TC,SP,"25",29.341530,"2171","3",50.00,"32",15.8,"1","0",SKA
"34365",436174.531,5495744.515,TC,OP,"50",40.387592,"694","2",60.00,"58",23.5,"1","0",SKA
"34366",436674.531,5495744.515,TC,OP,"55",47.836788,"3381","1",70.00,"39",15.2,"1","0",SKA
"34973",437174.531,5494244.515,TC,OP,"60",51.394669,"2165","2",65.00,"49",20.4,"1","0",SKA
"34772",437674.531,5494744.515,TC,SP,"20",32.185837,"2274","3",50.00,"35",14.5,"1","0",SKA
"34771",437174.531,5494744.515,TC,OP,"50",47.685028,"968","3",50.00,"49",21.3,"1","0",SKA
"34974",437674.531,5494244.515,TC,SP,"10",41.728783,"1987","3",55.00,"38",18.8,"1","0",SKA
"35177",438174.531,5493744.515,TC,SP,"10",41.728783,"1987","3",55.00,"38",18.8,"1","0",SKA
"35378",437674.531,5493244.515,TC,SP,"10",41.728783,"1987","3",55.00,"38",18.8,"1","0",SKA
"35379",438174.531,5493244.515,TC,SP,"10",41.728783,"1987","3",55.00,"38",18.8,"1","0",SKA
"34163",436174.531,5496244.515,TC,OP,"50",48.429668,"1492","3",50.00,"47",18.5,"2","0",SKA
"33962",436674.531,5496744.515,TC,OP,"55",57.000111,"372","3",60.00,"353",35.4,"3","0",SKA
"35580",437674.531,5492744.515,TC,DE,"65",45.126507,"601","3",90.00,"92",25.8,"3","2",SKA
"35581",438174.531,5492744.515,TC,SP,"15",13.420010,"1073","2",60.00,"26",9.9,"1","0",SKA
"35573",434174.531,5492744.515,TC,OP,"60",47.432472,"542","2",60.00,"72",29.2,"2","1",SKA
"35786",439674.531,5492244.515,TC,DE,"60",65.014893,"362","2",50.00,"92",33.3,"2","2",SKA
"35789",441174.531,5492244.515,TC,DE,"65",42.690849,"624","3",80.00,"132",24.9,"3","2",SKA
"35579",437174.531,5492744.515,TC,OP,"60",50.808720,"655","2",70.00,"64",24.7,"1","0",SKA
"35782",437674.531,5492244.515,TC,OP,"60",50.808720,"655","2",70.00,"64",24.7,"1","0",SKA
"35991",441174.531,5491744.515,TC,OP,"50",48.917038,"427","3",65.00,"92",33.3,"1","0",SKA
"35989",440174.531,5491744.515,TC,DE,"65",60.679131,"2216","3",35.00,"60",29.2,"1","0",SKA
"34976",438674.531,5494244.515,TC,OP,"60",69.999748,"190","3",40.00,"57",30.0,"3","3",SKA
"35787",440174.531,5492244.515,TC,DE,"60",65.014893,"362","2",50.00,"92",33.3,"3","3",SKA
"35586",440674.531,5492744.515,TC,OP,"45",46.779030,"251","3",70.00,"187",40.8,"3","3",SKA
"35585",440174.531,5492744.515,TC,DE,"70",76.976593,"365","3",85.00,"92",40.9,"3","3",SKA
"35383",440174.531,5493244.515,TC,DE,"55",44.157249,"388","3",70.00,"107",31.7,"3","3",SKA
"35384",440674.531,5493244.515,TC,DE,"65",64.999992,"235","3",90.00,"332",45.3,"3","3",SKA
"35180",439674.531,5493744.515,TC,DE,"60",53.235229,"444","2",60.00,"92",32.3,"3","3",SKA
"35785",439174.531,5492244.515,TC,DE,"15",18.000019,"50","3",90.00,"337",43.3,"3","3",SKA
"35987",439174.531,5491744.515,TC,DE,"15",18.000019,"50","3",90.00,"337",43.3,"3","3",SKA
"35179",439174.531,5493744.515,TC,DE,"75",56.410248,"689","2",70.00,"107",29.6,"3","3",SKA
"35381",439174.531,5493244.515,TC,DE,"75",56.410248,"689","2",70.00,"107",29.6,"3","3",SKA
"35382",439674.531,5493244.515,TC,DE,"75",56.410248,"689","2",70.00,"107",29.6,"3","3",SKA
"35582",438674.531,5492744.515,TC,DE,"75",56.410248,"689","2",70.00,"107",29.6,"3","3",SKA
"35583",439174.531,5492744.515,TC,DE,"75",56.410248,"689","2",70.00,"107",29.6,"3","3",SKA
"35584",439674.531,5492744.515,TC,DE,"75",56.410248,"689","2",70.00,"107",29.6,"3","3",SKA
"35784",438674.531,5492244.515,TC,DE,"75",56.410248,"689","2",70.00,"107",29.6,"3","3",SKA
"35178",438674.531,5493744.515,TC,DE,"60",70.000160,"192","2",70.00,"57",26.5,"3","3",SKA
"34975",438174.531,5494244.515,TC,DE,"65",49.798340,"490","2",70.00,"92",26.9,"3","3",SKA
"35788",440674.531,5492244.515,TC,OP,"60",60.543839,"514","3",45.00,"92",29.5,"3","3",SKA
"35984",437674.531,5491744.515,TC,OP,"40",26.559580,"787","3",80.00,"52",19.2,"2","1",SKA
"35988",439674.531,5491744.515,TC,OP,"50",53.477959,"511","3",35.00,"60",29.2,"1","0",SKA
"35980",435674.531,5491744.515,TC,SP,"11",,"2795",,70.00,"7",1.8,"3","1",SKA
"35577",436174.531,5492744.515,TC,OP,"55",57.000011,"397","4",40.10,"347",31.4,"2","1",SKA
"35981",436174.531,5491744.515,TC,OP,"55",57.000011,"397","4",40.10,"347",31.4,"2","1",SKA
"35375",436174.531,5493244.515,TC,OP,"55",36.446678,"728","3",70.00,"62",22.3,"2","1",SKA
"35983",437174.531,5491744.515,TC,OP,"40",32.381710,"1165","3",60.00,"42",18.3,"1","0",SKA
"35990",440674.531,5491744.515,TC,OP,"55",56.218529,"301","4",75.00,"172",40.9,"3","3",SKA
"35982",436674.531,5491744.515,TC,DE,"65",61.769279,"500","2",60.00,"72",31.0,"3","1",SKA
"35780",436674.531,5492244.515,TC,SP,"10",14.999940,"25","3",100.00,"337",35.4,"3","2",SKA
"35783",438174.531,5492244.515,TC,DE,"65",45.126507,"601","3",90.00,"92",25.8,"2","2",SKA
"35377",437174.531,5493244.515,TC,SP,"10",11.981440,"743","3",50.10,"62",15.0,"2","2",SKA
"35175",437174.531,5493744.515,TC,OP,"50",42.492149,"614","3",70.00,"62",24.9,"2","2",SKA
"35779",436174.531,5492244.515,TC,OP,"55",57.000011,"397","4",40.10,"347",31.4,"2","2",SKA
"35578",436674.531,5492744.515,TC,OP,"45",40.000481,"355","4",60.00,"337",29.4,"2","2",SKA
"35376",436674.531,5493244.515,TC,OP,"50",43.627880,"615","3",70.00,"62",26.1,"2","2",SKA
"35173",436174.531,5493744.515,TC,OP,"55",42.939510,"620","3",65.00,"62",24.9,"2","2",SKA
"35174",436674.531,5493744.515,TC,OP,"55",39.831451,"1970","2",50.00,"49",21.9,"2","2",SKA
"35985",438174.531,5491744.515,TC,OP,"50",39.209740,"562","3",50.00,"72",27.0,"2","2",SKA
"35781",437174.531,5492244.515,TC,OP,"45",36.723328,"569","3",50.00,"67",24.5,"2","2",SKA
"36189",439174.531,5491244.515,TC,DE,"70",62.500629,"534","2",75.00,"62",31.6,"3","2",SKA
"36190",439674.531,5491244.515,TC,OP,"55",49.405571,"2397","3",50.00,"60",31.9,"2","1",SKA
"36192",440674.531,5491244.515,TM,DE,"70",37.268108,"928","3",50.00,"60",21.3,"1","0",SKA
"36184",436674.531,5491244.515,TC,OP,"35",13.753030,"522","3",80.00,"52",19.2,"3","2",SKA
"36183",436174.531,5491244.515,TC,SP,"11",,"2795",,70.00,"7",1.8,"3","1",SKA
"36186",437674.531,5491244.515,TC,OP,"40",26.898359,"667","3",60.00,"62",22.7,"2","1",SKA
"36395",441174.531,5490744.515,TB,DE,"80",34.914429,"832","3",80.00,"57",19.3,"2","1",SKA
"36187",438174.531,5491244.515,TC,OP,"55",45.873730,"468","3",50.00,"72",30.3,"3","3",SKA
"36193",441174.531,5491244.515,TC,DE,"65",65.592415,"366","3",60.00,"132",39.4,"3","2",SKA
"36390",438674.531,5490744.515,SL,OP,"5",4.429940,"152","3",80.00,"117",22.3,"3","1",SKA
"35986",438674.531,5491744.515,TC,OP,"50",36.662399,"2052","3",60.00,"49",23.6,"1","0",SKA
"36188",438674.531,5491244.515,TC,OP,"50",36.662399,"2052","3",60.00,"49",23.6,"1","0",SKA
"36392",439674.531,5490744.515,TC,OP,"50",57.507175,"445","3",60.00,"62",31.7,"3","2",SKA
"36191",440174.531,5491244.515,TC,OP,"55",49.405571,"2397","3",50.00,"60",31.9,"2","1",SKA
"36597",441174.531,5490244.515,TC,DE,"65",59.384773,"391","2",80.00,"112",35.7,"3","2",SKA
"36594",439674.531,5490244.515,TC,OP,"60",47.294010,"1994","2",50.00,"38",20.7,"1","1",SKA
"36598",441674.531,5490244.515,TC,DE,"65",59.384773,"391","2",80.00,"112",35.7,"3","2",SKA
"36185",437174.531,5491244.515,TC,DE,"65",50.912819,"576","3",50.00,"82",30.0,"3","3",SKA
"36387",437174.531,5490744.515,TC,DE,"65",50.912819,"576","3",50.00,"82",30.0,"3","3",SKA
"36388",437674.531,5490744.515,TC,DE,"65",54.855659,"531","2",60.00,"87",28.7,"3","3",SKA
"36590",437674.531,5490244.515,TC,OP,"50",41.513512,"1332","2",50.00,"51",24.4,"1","0",SKA
"36592",438674.531,5490244.515,TC,OP,"55",35.740578,"580","3",75.00,"97",24.6,"3","2",SKA
"35777",435174.531,5492244.515,TC,DE,"65",67.000008,"415","3",90.00,"337",36.4,"3","3",SKA
"35171",435174.531,5493744.515,TC,DE,"70",58.636028,"546","2",65.00,"72",28.4,"3","3",SKA
"35373",435174.531,5493244.515,TC,DE,"70",58.636028,"546","2",65.00,"72",28.4,"3","3",SKA
"36179",434174.531,5491244.515,TC,OP,"60",57.790642,"503","3",60.00,"132",29.4,"3","3",SKA
"35977",434174.531,5491744.515,TC,OP,"60",55.365570,"526","3",60.00,"77",29.2,"3","3",SKA
"35978",434674.531,5491744.515,TC,OP,"55",37.957581,"593","2",80.00,"82",25.2,"3","3",SKA
"35776",434674.531,5492244.515,TC,DE,"65",54.802071,"527","2",70.00,"82",28.9,"3","3",SKA
"35775",434174.531,5492244.515,TC,DE,"65",67.422699,"418","3",50.00,"232",35.7,"3","3",SKA
"35574",434674.531,5492744.515,TC,DE,"70",53.651176,"647","2",50.00,"132",25.3,"3","3",SKA
"35575",435174.531,5492744.515,TC,DE,"70",53.651176,"647","2",50.00,"132",25.3,"3","3",SKA
"36180",434674.531,5491244.515,TC,OP,"50",46.541531,"537","3",55.00,"72",27.4,"3","3",SKA
"35979",435174.531,5491744.515,TC,DE,"65",60.091549,"430","3",60.00,"77",34.4,"3","3",SKA
"36181",435174.531,5491244.515,TC,DE,"65",60.091549,"430","3",60.00,"77",34.4,"3","3",SKA
"36389",438174.531,5490744.515,TC,DE,"65",57.775688,"560","2",55.00,"72",28.4,"2","2",SKA
"36591",438174.531,5490244.515,TC,DE,"70",60.531040,"644","2",50.00,"62",27.6,"2","2",SKA
"36391",439174.531,5490744.515,TC,OP,"55",41.591038,"432","3",50.00,"82",29.6,"3","3",SKA
"36393",440174.531,5490744.515,TC,OP,"55",49.405571,"2397","3",50.00,"60",31.9,"3","3",SKA
"36382",434674.531,5490744.515,TC,OP,"60",57.317177,"556","3",50.00,"70",28.6,"3","3",SKA
"36383",435174.531,5490744.515,TC,DE,"60",59.649239,"474","2",60.00,"87",30.8,"3","3",SKA
"36800",441674.531,5489744.515,TC,OP,"50",42.417618,"415","3",70.00,"132",30.1,"3","1",SKA
"36797",440174.531,5489744.515,TC,OP,"45",36.414276,"952","3",70.00,"39",23.3,"2","1",SKA
"36798",440674.531,5489744.515,TC,OP,"60",55.806801,"411","3",50.00,"112",33.7,"2","1",SKA
"36787",435174.531,5489744.515,TC,DE,"65",54.544922,"451","2",80.00,"87",32.6,"3","1",SKA
"37002",441674.531,5489244.515,TC,OP,"60",65.275452,"364","3",60.00,"132",39.4,"3","3",SKA
"36788",435674.531,5489744.515,TC,DE,"80",89.184296,"592","3",75.00,"78",32.5,"3","3",SKA
"36789",436174.531,5489744.515,TC,DE,"65",63.571198,"860","2",70.00,"72",36.9,"3","3",SKA
"36996",438674.531,5489244.515,TC,OP,"40",11.403850,"941",,80.00,"20",10.3,"3","1",SKA
"36994",437674.531,5489244.515,TC,OP,"55",60.081772,"290","3",90.00,"172",41.2,"2","2",SKA
"36995",438174.531,5489244.515,TC,OP,"40",11.403850,"941",,80.00,"20",10.3,"3","2",SKA
"36796",439674.531,5489744.515,TM,OP,"30",28.018211,"433","4",50.00,"57",25.9,"1","0",SKA
"36593",439174.531,5490244.515,TC,SP,"11",,"1200",,80.00,"6",0.6,"1","0",SKA
"36793",438174.531,5489744.515,TC,SP,"11",,"1200",,80.00,"6",0.6,"1","0",SKA
"36794",438674.531,5489744.515,TC,SP,"11",,"1200",,80.00,"6",0.6,"1","0",SKA
"36997",439174.531,5489244.515,TC,OP,"40",11.403850,"941",,80.00,"20",10.3,"1","0",SKA
"36795",439174.531,5489744.515,SL,OP,"5",13.722040,"995","2",80.00,"22",11.9,"1","0",SKA
"37204",441674.531,5488744.515,ST,DE,"5",17.146038,"1103","2",60.00,"34",13.6,"1","0",SKA
"36990",435674.531,5489244.515,TC,OP,"55",34.248520,"1384","2",80.00,"33",21.1,"3","1",SKA
"37198",438674.531,5488744.515,TC,DE,"65",46.400223,"551","3",80.00,"82",28.5,"3","1",SKA
"37194",436674.531,5488744.515,TC,OP,"60",69.025055,"386","3",70.00,"132",37.7,"3","1",SKA
"36792",437674.531,5489744.515,TC,OP,"60",67.559242,"475","2",70.00,"132",32.7,"3","3",SKA
"37199",439174.531,5488744.515,TC,DE,"65",70.783119,"391","3",65.00,"82",36.5,"3","1",SKA
"37200",439674.531,5488744.515,TC,DE,"70",69.300209,"498","2",55.00,"82",32.1,"3","2",SKA
"37203",441174.531,5488744.515,TM,DE,"70",35.480843,"906","3",60.00,"34",38.3,"2","1",SKA
"37406",441674.531,5488244.515,TB,DE,"65",36.131927,"496","2",60.00,"72",24.9,"2","1",SKA
"37407",442174.531,5488244.515,TC,OP,"55",59.939789,"240","3",80.00,"132",43.6,"3","2",SKA
"37197",438174.531,5488744.515,TC,DE,"65",46.400223,"551","3",80.00,"82",28.5,"3","2",SKA
"37400",438674.531,5488244.515,TC,OP,"60",60.939541,"510","3",70.00,"63",36.0,"3","2",SKA
"36394",440674.531,5490744.515,TC,OP,"55",62.174831,"507","3",40.00,"132",36.3,"3","3",SKA
"36596",440674.531,5490244.515,TC,OP,"55",48.550499,"349","3",60.00,"112",33.7,"3","3",SKA
"36595",440174.531,5490244.515,TC,OP,"55",41.591038,"432","3",50.00,"82",29.6,"3","3",SKA
"37000",440674.531,5489244.515,TC,OP,"60",52.397522,"448","3",80.00,"102",31.9,"3","3",SKA
"37202",440674.531,5488744.515,TC,OP,"60",82.000320,"235","3",50.00,"187",46.1,"3","3",SKA
"37001",441174.531,5489244.515,TC,DE,"65",63.456398,"452","2",60.00,"112",30.0,"3","3",SKA
"36799",441174.531,5489744.515,TC,OP,"55",48.550499,"349","3",60.00,"112",33.7,"3","3",SKA
"36998",439674.531,5489244.515,TC,DE,"65",65.246201,"375","3",70.00,"97",31.0,"3","3",SKA
"37201",440174.531,5488744.515,TC,DE,"70",68.988281,"497","2",55.00,"82",32.1,"3","3",SKA
"36999",440174.531,5489244.515,TC,OP,"50",42.865582,"1194","3",60.00,"39",23.3,"3","3",SKA
"37399",438174.531,5488244.515,TC,OP,"45",41.640274,"784","3",75.00,"62",19.5,"3","1",SKA
"37609",442174.531,5487744.515,SL,DE,"7",8.050570,"81","4",70.00,"72",30.3,"3","1",SKA
"37603",439174.531,5487744.515,TC,DE,"65",46.466869,"447","2",70.00,"75",25.6,"3","3",SKA
"37598",436674.531,5487744.515,TC,SP,"25",15.590980,"1223",,50.00,"18",11.4,"1","0",SKA
"37805",439174.531,5487244.515,TC,OP,"55",56.123260,"298","3",60.00,"112",37.9,"3","1",SKA
"37606",440674.531,5487744.515,TC,SP,"20",,"1800",,50.00,"15",6.9,"3","1",SKA
"37803",438174.531,5487244.515,TC,OP,"45",10.177660,"867",,50.00,"18",10.2,"2","1",SKA
"37808",440674.531,5487244.515,TC,DE,"70",74.868958,"382","2",60.00,"77",38.8,"3","2",SKA
"37601",438174.531,5487744.515,TC,DE,"65",46.999241,"978","2",85.00,"37",31.6,"2","0",SKA
"35778",435674.531,5492244.515,TC,SP,"11",,"2588",,50.00,"6",1.5,"1","0",SKA
"35576",435674.531,5492744.515,TC,OP,"55",60.134438,"381","3",70.00,"192",32.9,"1","0",SKA
"36182",435674.531,5491244.515,TC,DE,"80",89.184296,"592","3",75.00,"78",32.5,"1","0",SKA
"36384",435674.531,5490744.515,TC,DE,"80",89.184296,"592","3",75.00,"78",32.5,"1","0",SKA
"36586",435674.531,5490244.515,TC,DE,"80",89.184296,"592","3",75.00,"78",32.5,"1","0",SKA
"36585",435174.531,5490244.515,TC,OP,"50",10.562700,"964",,60.00,"18",9.0,"1","0",SKA
"36587",436174.531,5490244.515,TC,DE,"65",56.605183,"529","3",60.00,"71",29.0,"1","0",SKA
"36588",436674.531,5490244.515,TC,DE,"65",63.127628,"865","2",70.00,"75",36.8,"1","0",SKA
"36385",436174.531,5490744.515,TC,SP,"11",,"2795",,70.00,"7",1.8,"1","0",SKA
"36386",436674.531,5490744.515,TC,DE,"65",57.522812,"458","2",50.00,"69",28.6,"1","0",SKA
"36589",437174.531,5490244.515,TC,OP,"60",50.952141,"473","3",55.00,"69",25.4,"1","0",SKA
"36790",436674.531,5489744.515,TC,SP,"11",,"807",,90.00,"5",0.4,"1","0",SKA
"37396",436674.531,5488244.515,TC,OP,"42",17.595310,"1238",,90.00,"26",16.6,"1","0",SKA
"37397",437174.531,5488244.515,TC,SP,"11",,"1176",,80.00,"2",0.4,"1","0",SKA
"37195",437174.531,5488744.515,TC,SP,"11",,"1229",,70.00,"9",2.2,"1","0",SKA
"36791",437174.531,5489744.515,TC,DE,"65",51.699860,"485","3",50.00,"60",24.8,"1","0",SKA
"36993",437174.531,5489244.515,TC,DE,"65",51.699860,"485","3",50.00,"60",24.8,"1","0",SKA
"37196",437674.531,5488744.515,HG,SP,,,,,,,,"1","0",SKA
"37398",437674.531,5488244.515,HG,SP,,,,,,,,"1","0",SKA
"37192",435674.531,5488744.515,SL,SP,"15",,"2067",,70.00,"2",0.7,"1","0",SKA
"37395",436174.531,5488244.515,TC,DE,"65",68.326767,"389","3",80.00,"112",36.1,"1","0",SKA
"37193",436174.531,5488744.515,SL,SP,"10",,"1560",,80.00,"2",0.7,"1","0",SKA
"36991",436174.531,5489244.515,TC,SP,"11",,"1176",,80.00,"2",0.4,"1","0",SKA
"36992",436674.531,5489244.515,TC,SP,"11",,"1176",,80.00,"2",0.4,"1","0",SKA
"37810",441674.531,5487244.515,TC,OP,"30",22.991541,"1001","3",95.00,"31",18.4,"1","1",SKA
"37800",436674.531,5487244.515,TC,OP,"55",60.968220,"272","4",70.00,"77",42.1,"3","3",SKA
"37599",437174.531,5487744.515,TC,DE,"65",52.610149,"492","2",40.00,"80",30.8,"3","3",SKA
"38003",437174.531,5486744.515,SL,SP,,,,,,,,"1","0",SKA
"38208",438674.531,5486244.515,TC,OP,"55",59.255508,"313","3",70.00,"152",38.4,"2","0",SKA
"37600",437674.531,5487744.515,TC,OP,"60",58.903305,"420","2",60.00,"57",36.0,"2","1",SKA
"37801",437174.531,5487244.515,TC,DE,"65",52.161091,"741","2",70.00,"54",29.5,"2","1",SKA
"37802",437674.531,5487244.515,TC,DE,"65",63.032513,"644","2",75.00,"57",32.4,"2","1",SKA
"37804",438674.531,5487244.515,TC,DE,"65",46.999241,"978","2",85.00,"37",31.6,"2","1",SKA
"38004",437674.531,5486744.515,TC,SP,"11",,"1518",,60.00,"6",1.0,"2","1",SKA
"38005",438174.531,5486744.515,TC,SP,"11",,"1518",,60.00,"6",1.0,"2","1",SKA
"38214",441674.531,5486244.515,TC,DE,"70",66.554756,"452","2",70.00,"132",34.2,"3","3",SKA
"38010",440674.531,5486744.515,TC,OP,"50",60.975109,"373","3",60.00,"152",33.2,"3","3",SKA
"38212",440674.531,5486244.515,TC,DE,"70",74.351974,"384","2",60.00,"122",39.7,"3","3",SKA
"37602",438674.531,5487744.515,TC,DE,"65",46.466869,"447","2",70.00,"75",25.6,"1","0",SKA
"37608",441674.531,5487744.515,TB,OP,"35",22.189600,"252","3",60.00,"72",29.1,"1","0",SKA
"37604",439674.531,5487744.515,TC,OP,"60",57.770729,"451","2",70.00,"59",35.6,"2","0",SKA
"37811",442174.531,5487244.515,TC,OP,"50",33.894539,"2377","3",47.00,"28",18.8,"2","0",SKA
"38013",442174.531,5486744.515,TC,DE,"65",71.821945,"277","4",65.00,"102",44.6,"1","0",SKA
"37403",440174.531,5488244.515,TC,SP,"20",8.910760,"809",,50.00,"16",9.8,"1","0",SKA
"37404",440674.531,5488244.515,TC,OP,"50",60.000530,"300","3",60.00,"337",40.4,"1","0",SKA
"37405",441174.531,5488244.515,TC,OP,"40",6.525710,"579","2",100.00,"22",8.9,"1","0",SKA
"37402",439674.531,5488244.515,TC,OP,"30",,"3040",,50.00,"15",6.9,"1","0",SKA
"37605",440174.531,5487744.515,TC,SP,"15",29.618568,"719",,60.00,"63",22.1,"1","0",SKA
"37401",439174.531,5488244.515,TC,SP,"11",,"1896",,50.00,"8",1.6,"1","0",SKA
"38012",441674.531,5486744.515,TC,OP,"35",13.294270,"1038","3",70.00,"23",10.4,"1","0",SKA
"37809",441174.531,5487244.515,TM,OP,"40",12.508000,"914","3",47.00,"24",11.1,"1","0",SKA
"38011",441174.531,5486744.515,TC,OP,"35",25.225519,"1688","2",60.00,"30",17.8,"1","0",SKA
"37607",441174.531,5487744.515,TC,SP,"20",,"1800",,50.00,"15",6.9,"1","0",SKA
"38209",439174.531,5486244.515,TC,OP,"35",20.672089,"1457",,70.00,"23",14.4,"3","3",SKA
"38210",439674.531,5486244.515,TC,OP,"60",68.652374,"409","3",50.00,"152",36.4,"3","3",SKA
"38414",440674.531,5485744.515,TC,OP,"30",35.623302,"208","3",60.00,"172",40.9,"1","0",SKA
"38413",440174.531,5485744.515,TC,DE,"70",75.374710,"352","2",60.00,"132",41.5,"3","1",SKA
"38408",437674.531,5485744.515,TC,DE,"70",50.968060,"655","2",80.00,"72",25.3,"3","2",SKA
"38206",437674.531,5486244.515,TC,DE,"70",70.694260,"437","2",70.00,"132",35.7,"3","3",SKA
"38615",440174.531,5485244.515,TC,OP,"55",43.467392,"490","2",70.00,"61",29.4,"1","1",SKA
"38616",440674.531,5485244.515,SL,SP,,,,,,,,"1","0",SKA
"38009",440174.531,5486744.515,TC,OP,"60",60.129532,"554","3",40.00,"57",30.1,"3","1",SKA
"38213",441174.531,5486244.515,TC,DE,"70",66.554756,"452","2",70.00,"132",34.2,"3","1",SKA
"38415",441174.531,5485744.515,TC,DE,"70",58.396210,"501","2",60.00,"132",31.1,"3","1",SKA
"38409",438174.531,5485744.515,TC,DE,"65",45.663383,"592","3",70.00,"82",26.3,"2","1",SKA
"38611",438174.531,5485244.515,TC,DE,"65",55.473999,"2052","3",50.00,"57",29.0,"3","1",SKA
"38207",438174.531,5486244.515,TC,OP,"50",29.532068,"827","3",80.00,"42",17.1,"1","0",SKA
"38410",438674.531,5485744.515,TC,SP,"20",,"3000",,50.00,"14",6.2,"2","0",SKA
"38614",439674.531,5485244.515,TC,DE,"65",59.658688,"439","2",70.00,"61",35.2,"2","0",SKA
"38612",438674.531,5485244.515,TC,SP,"11",,"1529",,55.00,"2",0.5,"1","0",SKA
"38411",439174.531,5485744.515,TC,OP,"45",17.047640,"1419",,60.00,"23",12.7,"1","0",SKA
"38007",439174.531,5486744.515,TC,OP,"35",20.672089,"1457",,70.00,"23",14.4,"1","0",SKA
"38412",439674.531,5485744.515,TC,DE,"65",54.870941,"1345","3",50.00,"61",27.6,"1","0",SKA
"37807",440174.531,5487244.515,SL,SP,,,,,,,,"1","0",SKA
"38211",440174.531,5486244.515,SL,SP,,,,,,,,"1","0",SKA
"37806",439674.531,5487244.515,TC,SP,"11",,"967",,100.00,"2",0.3,"1","0",SKA
"38008",439674.531,5486744.515,TC,SP,"11",,"1000",,95.00,"1",0.1,"1","0",SKA
"38613",439174.531,5485244.515,TC,OP,"30",21.106230,"1177","2",80.00,"29",14.1,"1","0",SKA
"38006",438674.531,5486744.515,TC,SP,"11",,"1933",,55.00,"13",5.2,"1","0",SKA
"2819",520174.531,5574244.515,EL,RZ,,,,,,,,"0","0",MTC
"2822",521674.531,5574244.515,TB,SP,"15",11.745060,"211","3",100.00,"43",31.2,"0","0",MTC
"2820",520674.531,5574244.515,TB,OP,"50",50.035488,"265","4",95.00,"83",42.0,"1","0",MTC
"2821",521174.531,5574244.515,TB,OP,"50",50.035488,"265","4",95.00,"83",42.0,"1","0",MTC
"29091",425174.531,5508744.515,,OC,,,,,,,,"-10","-10",RLK
"29293",425174.531,5508244.515,,OC,,,,,,,,"-10","-10",RLK
"33765",439174.531,5497244.515,,OC,,,,,,,,"-10","-10",SKA
"34170",439674.531,5496244.515,,OC,,,,,,,,"-10","-10",SKA
"34575",440174.531,5495244.515,,OC,,,,,,,,"-10","-10",SKA
"29696",424674.531,5507244.515,TC,DE,"70",70.524223,"435","3",85.00,"157",38.0,"-10","-10",RLK
"35587",441174.531,5492744.515,,OC,,,,,,,,"-10","-10",SKA
"36396",441674.531,5490744.515,,OC,,,,,,,,"-10","-10",SKA
"37205",442174.531,5488744.515,,OC,,,,,,,,"-10","-10",SKA
