"xcoord","ycoord","site","case","cover","density","canopy.closure","basal.area","live.stems","v.comp","dom.sp.per","age","height","f_hab","n_hab"
519683.712,5579974.415,"MTC",1,"TC","DE",80,56.290298,659,4,95,73,26.1,3,2
519910.319,5578646.199,"MTC",1,"TC","DE",70,49.270821,628,4,70,103,25.6,3,1
520207.662,5576620.23,"MTC",1,"TC","DE",65,49.449196,485,4,30.1,103,29.9,3,3
519770.435,5576383.667,"MTC",1,"TC","DE",75,66.00042,452,4,60,158,36,-2,-2
520092.774,5576255.246,"MTC",1,"TC","OP",60,46.508469,493,3,100,133,29.1,1,0
520109.206,5576823.015,"MTC",1,"TC","SP",11,NA,1382,NA,70,2,0.6,1,0
520308.265,5576401.561,"MTC",1,"TC","OP",60,50.844021,680,3,35,73,25.7,3,2
520026.633,5577111.148,"MTC",1,"TC","DE",15,14.36272,110,3,70,138,37.4,3,1
520047.721,5577091.126,"MTC",1,"TC","DE",15,14.36272,110,3,70,138,37.4,3,1
520131.949,5576119.594,"MTC",1,"TC","OP",60,46.508469,493,3,100,133,29.1,3,1
520405.193,5576300.772,"MTC",1,"TC","OP",60,50.844021,680,3,35,73,25.7,3,3
520066.402,5576289.607,"MTC",1,"TC","OP",60,46.508469,493,3,100,133,29.1,3,1
519878.032,5576087.662,"MTC",1,"TC","DE",75,66.00042,452,4,60,158,36,3,1
520893.796,5575442.845,"MTC",1,"TC","OP",55,50.16288,766,3,70,53,23.1,1,1
518912.163,5575606.598,"MTC",1,"TC","OP",60,55.468193,424,3,80,103,34.1,3,3
520853.919,5575224.321,"MTC",1,"TC","DE",65,38.691299,921,3,70,53,22.8,3,2
520658.633,5575508.729,"MTC",1,"TC","OP",55,43.876591,459,3,80,83,29.8,2,0
520787.359,5575913.913,"MTC",1,"TC","OP",30,16.212841,798,3,60,53,16.5,1,0
520949.49,5575826.682,"MTC",1,"TC","OP",30,16.212841,798,3,60,53,16.5,1,0
521083.759,5575866.031,"MTC",1,"TC","OP",30,16.212841,798,3,60,53,16.5,1,0
523381.283,5574378.35,"MTC",1,"TC","DE",85,49.535007,1030,3,50,53,22.8,2,1
432466.368,5509051.272,"RLK",1,"TC","DE",60,65.647224,419,2,50,122,33.8,3,3
425874.969,5508449.649,"RLK",1,"TC","SP",20,7.17952,660,NA,45,17,9.3,3,1
432696.7,5508068.466,"RLK",1,"TC","DE",65,35.823952,1171,3,50,112,15.9,2,1
431208.857,5509755.657,"RLK",1,"TC","DE",80,45.385841,2282,2,70,59,19.1,2,1
426596.559,5505938.153,"RLK",1,"TC","DE",70,67.417702,454,4,80,122,34.4,3,2
423891.861,5504755.785,"RLK",1,"TB","DE",70,36.556942,605,3,65,52,20.7,3,2
426651.466,5504648.459,"RLK",1,"TC","DE",80,72.574791,512,3,75,82,32.8,3,2
424931.132,5504319.717,"RLK",1,"TC","DE",65,51.90728,596,4,50,72,26.3,3,2
427415.174,5507127.642,"RLK",1,"TC","DE",65,61.490501,387,2,90,82,36.1,3,3
427398.017,5507097.063,"RLK",1,"TC","DE",65,61.490501,387,2,90,82,36.1,3,3
427433.626,5507064.067,"RLK",1,"TC","DE",65,61.490501,387,2,90,82,36.1,3,3
427488.701,5507299.383,"RLK",1,"TC","DE",65,61.490501,387,2,90,82,36.1,3,3
424880.694,5506273.947,"RLK",1,"TC","DE",75,49.795208,614,3,80,102,28.7,3,3
427477.212,5507032.286,"RLK",1,"TC","DE",65,66.233459,378,3,70,152,40.1,3,3
427484.99,5507021.895,"RLK",1,"TC","DE",65,66.233459,378,3,70,152,40.1,3,3
427477.006,5507033.546,"RLK",1,"TC","DE",65,66.233459,378,3,70,152,40.1,3,3
438193.792,5498295.759,"SKA",1,"TC","DE",70,59.816128,512,3,60,78,31.3,3,3
437928.41,5497823.449,"SKA",1,"TC","DE",55,45.284172,429,3,50,73,31.7,3,2
437884.373,5497973.586,"SKA",1,"TC","DE",55,45.284172,429,3,50,73,31.7,3,2
436707.099,5497793.524,"SKA",1,"TC","DE",65,56.029621,423,3,60,123,33.5,3,2
437624.324,5497980.009,"SKA",1,"SL","OP",NA,0,0,NA,NA,NA,NA,1,0
438510.36,5498512.709,"SKA",1,"TC","DE",70,59.816128,512,3,60,78,31.3,3,1
438851.602,5495991.753,"SKA",1,"TC","OP",55,58.507214,244,3,70,98,32.7,2,1
438393.934,5495627.151,"SKA",1,"TC","DE",65,68.970558,390,3,60,113,36.3,3,3
438554.268,5495725.672,"SKA",1,"TC","DE",65,71.822861,367,3,60,118,39.2,3,2
437608.317,5496286.317,"SKA",1,"TC","OP",45,37.26516,426,3,45,243,28.9,3,2
438040.457,5496114.533,"SKA",1,"TC","OP",55,48.086033,539,2,55,68,28,3,2
438133.956,5495028.48,"SKA",1,"TC","OP",35,30.078579,397,3,70,313,21.7,2,2
439275.563,5494441.39,"SKA",1,"TM","DE",65,29.251328,729,2,70,57,18.1,1,1
433774.601,5494542.702,"SKA",1,"TC","DE",70,56.974258,607,2,75,67,27.8,3,2
436300.787,5494921.771,"SKA",1,"TC","OP",50,40.387592,694,2,60,58,23.5,2,1
436377.484,5493931.504,"SKA",1,"TC","OP",55,44.885559,629,2,55,62,26.1,1,0
438485.533,5495007.106,"SKA",1,"TC","DE",70,50.262993,1086,2,60,57,25.3,2,2
438459.583,5493920.511,"SKA",1,"TC","OP",55,55.999996,255,4,70,337,42.3,3,2
439508.005,5494735.31,"SKA",1,"TC","OP",20,25.99999,145,3,90,337,44.3,3,1
440908.199,5493708.035,"SKA",1,"TC","DE",65,67.846237,346,3,100,102,40.4,3,2
440462.202,5493521.79,"SKA",1,"TC","OP",55,58.786537,273,3,60,92,39.8,3,1
438516.293,5495537.173,"SKA",1,"TC","DE",65,68.970558,390,3,60,113,36.3,1,0
437478.246,5494867.382,"SKA",1,"TC","OP",45,30.05917,397,3,85,313,21.7,1,0
437249.019,5494228.645,"SKA",1,"TC","OP",60,51.394669,2165,2,65,49,20.4,1,0
441157.78,5492091.515,"SKA",1,"TC","OP",60,58.40379,223,3,80,132,35.3,3,2
437584.301,5492465.023,"SKA",1,"TC","OP",60,50.80872,655,2,70,64,24.7,1,0
440627.298,5492539.503,"SKA",1,"TC","DE",70,75.778328,373,3,85,107,40.1,3,3
439141.636,5492164.463,"SKA",1,"TC","DE",15,18.000019,50,3,90,337,43.3,3,3
438979.866,5491994.148,"SKA",1,"TC","DE",15,18.000019,50,3,90,337,43.3,3,3
438851.348,5493254.781,"SKA",1,"TC","DE",75,56.410248,689,2,70,107,29.6,3,3
438792.941,5492629.445,"SKA",1,"TC","DE",75,56.410248,689,2,70,107,29.6,3,3
438959.887,5493319.096,"SKA",1,"TC","DE",75,56.410248,689,2,70,107,29.6,3,3
439524.834,5493438.494,"SKA",1,"TC","DE",75,56.410248,689,2,70,107,29.6,3,3
439237.162,5493377.559,"SKA",1,"TC","DE",75,56.410248,689,2,70,107,29.6,3,3
439260.081,5493101.137,"SKA",1,"TC","DE",75,56.410248,689,2,70,107,29.6,3,3
439001.442,5493704.046,"SKA",1,"TC","DE",75,56.410248,689,2,70,107,29.6,3,3
438543.529,5492397.976,"SKA",1,"TC","DE",75,56.410248,689,2,70,107,29.6,3,3
438813.605,5492646.483,"SKA",1,"TC","DE",75,56.410248,689,2,70,107,29.6,3,3
438397.405,5493274.145,"SKA",1,"TC","DE",75,56.410248,689,2,70,107,29.6,3,3
438843.975,5492620.515,"SKA",1,"TC","DE",75,56.410248,689,2,70,107,29.6,3,3
438733.439,5492267.459,"SKA",1,"TC","DE",75,56.410248,689,2,70,107,29.6,3,3
438361.362,5494166.881,"SKA",1,"TC","DE",65,49.79834,490,2,70,92,26.9,3,3
439280.157,5491449.591,"SKA",1,"TC","OP",55,49.405571,2397,3,50,60,31.9,2,1
440091.459,5491500.095,"SKA",1,"TC","DE",65,57.623138,419,3,75,102,34,3,3
439278.319,5491295.54,"SKA",1,"TC","DE",70,62.500629,534,2,75,62,31.6,3,3
439138.381,5491536.521,"SKA",1,"TC","DE",70,62.500629,534,2,75,62,31.6,3,2
439247.567,5491379.268,"SKA",1,"TC","DE",70,62.500629,534,2,75,62,31.6,3,2
437157.809,5491055.479,"SKA",1,"TC","DE",65,57.522812,458,2,50,69,28.6,1,0
439128.661,5491091.077,"SKA",1,"TC","OP",55,37.05476,2674,3,60,49,23.6,1,0
439154.978,5492062.588,"SKA",1,"TC","OP",55,37.05476,2674,3,60,49,23.6,1,0
439142.857,5491029.952,"SKA",1,"TC","OP",55,58,225,3,80,337,45.3,1,0
440444.787,5491027.111,"SKA",1,"TC","OP",55,49.405571,2397,3,50,60,31.9,2,1
440428.069,5491077.145,"SKA",1,"TC","OP",55,49.405571,2397,3,50,60,31.9,2,1
439837.167,5490936.559,"SKA",1,"TC","DE",70,65.273613,515,2,70,82,31,3,3
438749.652,5490443.098,"SKA",1,"TC","OP",55,35.740578,580,3,75,97,24.6,3,3
441521.365,5489884.587,"SKA",1,"TC","OP",50,42.417618,415,3,70,132,30.1,3,3
441657.637,5489437.823,"SKA",1,"TC","OP",50,42.417618,415,3,70,132,30.1,3,3
440654.097,5488318.018,"SKA",1,"TC","OP",55,40.984951,799,3,46,47,28.8,2,2
440673.566,5488263.843,"SKA",1,"TC","OP",55,40.984951,799,3,46,47,28.8,2,2
441928.843,5488528.116,"SKA",1,"TC","OP",50,43.896118,772,3,60,34,21.8,2,1
440469.695,5490258.31,"SKA",1,"TC","DE",65,57.286507,416,3,75,102,34,3,3
439982.011,5489040.536,"SKA",1,"TC","DE",65,65.246201,375,3,70,97,31,3,3
439458.355,5489108.388,"SKA",1,"TC","DE",65,65.246201,375,3,70,97,31,3,3
436700.711,5489984.295,"SKA",1,"TC","DE",65,63.127628,865,2,70,75,36.8,1,0
438826.709,5486179.679,"SKA",1,"TC","OP",45,17.04764,1419,NA,60,23,12.7,1,0
519174.531,5580244.515,"MTC",0,"TC","OP",55,37.804661,457,3,100,173,28.7,3,2
519674.531,5580244.515,"MTC",0,"TC","DE",65,46.03878,599,3,95,73,26.1,1,0
518674.531,5579744.515,"MTC",0,"TC","OP",60,50.428032,445,3,100,123,31.4,3,3
519674.531,5579744.515,"MTC",0,"TC","OP",55,46.495384,363,4,90,133,32.3,3,3
519674.531,5579244.515,"MTC",0,"SL","OP",5,8.63845,715,3,100,43,17.4,1,0
520174.531,5579244.515,"MTC",0,"TC","OP",45,30.030611,363,3,100,213,28.5,3,2
520174.531,5579744.515,"MTC",0,"TC","OP",60,59.823547,424,3,90,193,35.7,3,2
519174.531,5579744.515,"MTC",0,"TC","DE",70,49.284241,593,3,100,93,27,3,1
520674.531,5578744.515,"MTC",0,"TC","OP",45,30.030611,363,3,100,213,28.5,3,2
519674.531,5578744.515,"MTC",0,"SL","OP",5,8.63845,715,3,100,43,17.4,1,0
520174.531,5578744.515,"MTC",0,"TC","OP",40,40.050419,306,4,70,213,33.6,3,2
518174.531,5579244.515,"MTC",0,"TC","DE",75,35.404728,1376,2,90,48,18.8,2,0
519174.531,5579244.515,"MTC",0,"HE","SP",5,2.18667,195,3,100,43,14.5,1,0
518674.531,5578744.515,"MTC",0,"TC","OP",55,39.07309,461,4,60,163,28.8,1,0
518674.531,5579244.515,"MTC",0,"TC","OP",40,18.95116,1433,2,90,31,15.3,1,0
518174.531,5578744.515,"MTC",0,"TC","OP",50,30.07609,646,3,90,93,21.7,3,0
519174.531,5578744.515,"MTC",0,"TC","DE",65,42.950199,563,2,90,113,26.4,3,3
521674.531,5578244.515,"MTC",0,"TC","OP",35,25.066019,310,3,95,213,28.5,3,1
520674.531,5579244.515,"MTC",0,"TC","SP",5,1.43421,140,3,100,103,12.8,2,1
521174.531,5578744.515,"MTC",0,"TC","SP",25,12.21946,354,3,90,133,19.8,3,1
517674.531,5578244.515,"MTC",0,"TC","OP",40,29.063419,456,3,100,113,25.4,3,3
518674.531,5578244.515,"MTC",0,"TC","OP",55,39.07309,461,4,60,163,28.8,3,1
518174.531,5578244.515,"MTC",0,"TC","SP",15,9.43822,227,3,80,83,19.8,3,1
519174.531,5578244.515,"MTC",0,"TC","OP",45,26.54015,729,2,100,58,19.5,3,1
519674.531,5578244.515,"MTC",0,"TC","DE",70,57.377361,484,3,90,133,31.2,3,3
520174.531,5578244.515,"MTC",0,"TC","SP",10,5.79546,589,3,70,23,9.1,3,3
519674.531,5577744.515,"MTC",0,"TC","DE",70,57.377361,484,3,90,133,31.2,3,2
520174.531,5577744.515,"MTC",0,"TM","DE",80,41.568367,1243,3,40,53,19.1,2,1
517674.531,5577744.515,"MTC",0,"TC","SP",20,17.9837,241,3,100,213,27.5,0,0
518174.531,5577744.515,"MTC",0,"TM","SP",11,NA,1122,NA,50,6,0.8,1,0
519174.531,5577744.515,"MTC",0,"TC","OP",55,45.677452,363,4,70,153,33,3,3
518674.531,5577744.515,"MTC",0,"HE","OP",5,12.53524,933,3,60,38,11.7,3,1
520174.531,5577244.515,"MTC",0,"TC","DE",15,14.36272,110,3,70,138,37.4,3,2
522674.531,5577244.515,"MTC",0,"TC","OP",55,47.993561,367,3,100,213,33.6,3,1
519174.531,5577244.515,"MTC",0,"TC","OP",60,52.030838,432,3,70,98,32.2,3,2
517674.531,5577244.515,"MTC",0,"TB","DE",65,36.14529,490,3,40,83,24.7,2,2
518174.531,5577244.515,"MTC",0,"TC","SP",20,18.8608,278,3,70,83,25.4,3,2
522174.531,5577244.515,"MTC",0,"SL","OP",2,14.936069,379,4,90,38,16.2,3,3
521674.531,5577244.515,"MTC",0,"TC","SP",25,22.176701,188,4,70,138,35.3,3,3
522674.531,5576744.515,"MTC",0,"TC","OP",60,33.950272,1400,4,70,43,18.8,2,1
518674.531,5577244.515,"MTC",0,"TC","OP",35,27.736561,300,4,50,103,28.8,3,1
521174.531,5576744.515,"MTC",0,"","LA",NA,NA,NA,NA,NA,NA,NA,-2,-2
521674.531,5576744.515,"MTC",0,"TC","OP",50,48.552242,584,4,50,83,25.1,2,1
520674.531,5578244.515,"MTC",0,"TC","SP",10,5.79546,589,3,70,23,9.1,1,0
521174.531,5578244.515,"MTC",0,"HE","DE",5,0,1520,3,50,2,0.6,1,0
519674.531,5577244.515,"MTC",0,"TC","SP",11,NA,1800,NA,70,2,0.4,1,0
521174.531,5577244.515,"MTC",0,"TM","OP",60,24.28359,1229,3,40,43,16.6,1,0
521174.531,5577744.515,"MTC",0,"TM","DE",80,37.301712,1115,2,60,48,20.3,1,0
521674.531,5577744.515,"MTC",0,"TB","DE",90,33.51582,1294,2,80,63,19.4,1,0
522174.531,5577744.515,"MTC",0,"TB","DE",90,40.997589,1338,3,90,43,22.2,1,0
520674.531,5577744.515,"MTC",0,"HE","OP",5,5.06066,305,3,80,48,18.2,1,0
522174.531,5576744.515,"MTC",0,"TC","OP",40,32.43399,406,3,90,73,28.3,2,0
519674.531,5576744.515,"MTC",0,"TC","DE",65,49.449196,485,4,30.1,103,29.9,3,2
523174.531,5576244.515,"MTC",0,"TM","OP",60,27.636189,769,3,50,68,20.2,1,0
518174.531,5576744.515,"MTC",0,"TC","SP",20,13.00533,1141,2,60,26,12.3,2,1
518174.531,5576244.515,"MTC",0,"TC","OP",30,5.85233,653,NA,90,19,7.8,3,1
518674.531,5576244.515,"MTC",0,"TM","DE",70,64.387497,432,4,40,163,37,1,0
520674.531,5576244.515,"MTC",0,"TC","OP",30,16.212841,798,3,60,53,16.5,2,2
520674.531,5576744.515,"MTC",0,"TM","OP",55,46.205269,565,4,40,83,25.1,2,1
521674.531,5576244.515,"MTC",0,"TC","OP",60,41.453403,787,4,50,58,24.4,2,1
520674.531,5577244.515,"MTC",0,"TC","DE",15,14.36272,110,3,70,138,37.4,3,1
520174.531,5576744.515,"MTC",0,"TC","OP",60,60.000057,425,4,90,143,36.2,3,1
519174.531,5576744.515,"MTC",0,"TC","OP",60,52.030838,432,3,70,98,32.2,3,2
520174.531,5576244.515,"MTC",0,"TC","OP",60,46.508469,493,3,100,133,29.1,3,1
519674.531,5576244.515,"MTC",0,"TC","DE",65,56.553051,585,3,55,83,28.1,3,3
517174.531,5576744.515,"MTC",0,"TM","OP",55,15.17088,1786,3,50,38,16.5,0,0
517674.531,5576744.515,"MTC",0,"TC","OP",60,16.906939,1376,2,50,28,13.5,1,0
517674.531,5576244.515,"MTC",0,"SL","SP",2,NA,859,NA,100,1,0.2,1,0
518674.531,5576744.515,"MTC",0,"TC","DE",75,66.000465,443,4,60,138,37.4,3,2
523174.531,5576744.515,"MTC",0,"TC","OP",45,39.8092,304,3,100,103,34.1,1,0
522174.531,5576244.515,"MTC",0,"TC","SP",10,7.31727,723,3,70,28,8.8,1,0
522674.531,5576244.515,"MTC",0,"TM","DE",80,26.90658,1715,3,50,48,15.2,1,0
517174.531,5576244.515,"MTC",0,"TC","OP",45,30.57843,421,3,50,113,26.4,3,1
519174.531,5575744.515,"MTC",0,"HG","DE",6,6.65218,72,4,50.1,103,36.3,3,2
519674.531,5575744.515,"MTC",0,"TC","SP",25,18.747082,276,4,90,83,25.4,3,2
518674.531,5575744.515,"MTC",0,"TC","OP",60,54.922359,420,3,95,103,34.1,3,3
519174.531,5576244.515,"MTC",0,"TC","DE",65,60.000122,415,4,80,153,37.1,3,3
521674.531,5575244.515,"MTC",0,"TM","SP",15,14.22991,882,3,70,38,13.1,2,2
517674.531,5575744.515,"MTC",0,"SL","OP",7,6.2926,603,4,100,31,8.9,1,0
518174.531,5575244.515,"MTC",0,"TC","OP",58,43.79007,515,4,72,153,27.9,3,2
517174.531,5575744.515,"MTC",0,"TC","OP",55,42.095161,377,3,75,123,31.4,3,3
517174.531,5575244.515,"MTC",0,"SL","OP",5,12.70431,1165,3,100,25,11.7,3,3
518174.531,5575744.515,"MTC",0,"TC","OP",60,50.295731,846,3,50,58,22.6,2,1
519674.531,5575244.515,"MTC",0,"SL","SP",NA,NA,NA,NA,NA,NA,NA,1,0
521674.531,5575744.515,"MTC",0,"TC","SP",25,18.089119,235,3,100,163,28.8,3,3
522174.531,5575244.515,"MTC",0,"TC","SP",25,18.989969,254,3,100,103,26.7,3,3
522174.531,5575744.515,"MTC",0,"TC","OP",20,18.99959,236,3,80,143,29,3,3
521174.531,5575744.515,"MTC",0,"TC","OP",50,30.80971,595,4,100,103,23.5,3,3
521174.531,5576244.515,"MTC",0,"TC","OP",30,24.15798,349,3,100,103,24.5,3,3
521174.531,5575244.515,"MTC",0,"TC","OP",35,30.502781,303,3,85,73,30.6,3,1
519174.531,5575244.515,"MTC",0,"TC","OP",55,47.532581,364,3,100,173,33.8,3,2
517674.531,5575244.515,"MTC",0,"TC","DE",70,59.351341,474,3,100,173,32.8,3,1
517674.531,5574744.515,"MTC",0,"HE","SP",5,3.08936,57,2,100,153,28.9,3,1
518674.531,5574744.515,"MTC",0,"TC","DE",65,52.459759,461,4,60,123,31.4,3,2
519174.531,5574744.515,"MTC",0,"TC","OP",50,38.47023,512,3,100,93,27,2,1
520674.531,5574744.515,"MTC",0,"TC","OP",60,62.000061,407,4,75,283,37.4,3,1
520174.531,5575744.515,"MTC",0,"TC","OP",60,57.093502,605,4,55,83,26.3,2,0
520674.531,5575244.515,"MTC",0,"TC","DE",65,38.691299,921,3,70,53,22.8,2,0
520174.531,5575244.515,"MTC",0,"SL","SP",NA,NA,NA,NA,NA,NA,NA,1,0
522174.531,5574744.515,"MTC",0,"SL","OP",1,9.01579,759,3,90,33,10.7,1,0
520674.531,5575744.515,"MTC",0,"TC","OP",30,16.212841,798,3,60,53,16.5,1,0
520174.531,5574744.515,"MTC",0,"TC","DE",65,52.117279,457,2,95,103,30.9,3,2
521174.531,5574744.515,"MTC",0,"TC","OP",55,47.201256,361,4,95,103,34.1,3,3
521674.531,5574744.515,"MTC",0,"TC","OP",55,47.201256,361,4,95,103,34.1,3,3
522674.531,5575744.515,"MTC",0,"TC","DE",20,20.311989,214,3,80,133,31.2,3,1
522674.531,5575244.515,"MTC",0,"TC","OP",35,24.38504,334,4,100,103,25.6,3,1
523174.531,5575244.515,"MTC",0,"TC","OP",40,34.73772,405,NA,100,143,32.1,3,1
523674.531,5574744.515,"MTC",0,"TC","OP",55,48.00016,357,4,70,233,34.5,3,1
522674.531,5574744.515,"MTC",0,"TC","OP",45,32.98872,342,3,100,103,29.9,2,1
524174.531,5574744.515,"MTC",0,"TC","OP",50,54,318,3,80,233,38.6,3,1
523174.531,5574244.515,"MTC",0,"ST","DE",3,5.815681,200,2,60,55,16.2,1,0
523174.531,5575744.515,"MTC",0,"TM","DE",80,36.814781,598,2,30.1,63,24.2,1,0
523674.531,5575244.515,"MTC",0,"TM","DE",70,34.234447,594,2,50,63,24.2,1,0
523674.531,5575744.515,"MTC",0,"HE","OP",5,4.78137,161,3,50,73,23.8,2,0
522174.531,5574244.515,"MTC",0,"TC","OP",40,34.26088,363,3,95,83,29.8,3,2
522674.531,5574244.515,"MTC",0,"TC","OP",60,49.94553,473,4,55,88,30.6,3,3
524174.531,5574244.515,"MTC",0,"TC","DE",65,47.050819,586,3,80,73,27.2,2,1
523674.531,5574244.515,"MTC",0,"TM","DE",65,34.546883,1100,2,50,53,19.1,2,1
518674.531,5574244.515,"MTC",0,"TC","DE",65,52.459759,461,4,60,123,31.4,3,3
519674.531,5574744.515,"MTC",0,"TC","SP",25,17.50462,273,4,100,113,24.3,3,3
518674.531,5575244.515,"MTC",0,"TC","OP",50,31.288012,594,3,100,93,23.8,3,3
518174.531,5574744.515,"MTC",0,"TC","OP",55,45.342579,363,3,100,153,33,3,3
519174.531,5574244.515,"MTC",0,"SL","SP",4,2.10436,49,3,100,163,27.8,3,3
519674.531,5574244.515,"MTC",0,"TC","SP",20,18.895041,279,3,100,83,25.4,3,1
523174.531,5574744.515,"MTC",0,"TC","DE",65,48.35495,606,4,60,58,28,2,2
429174.531,5510244.515,"RLK",0,"TC","DE",65,51.9981,487,2,80,122,30.3,3,3
428674.531,5509744.515,"RLK",0,"TC","OP",45,26.816101,511,3,70,187,23.5,1,0
428174.531,5509744.515,"RLK",0,"SL","DE",5,20.380009,1224,3,40,27,13.1,1,0
430674.531,5509744.515,"RLK",0,"TC","DE",65,26.52795,3118,2,70,56,14.5,1,0
429174.531,5509744.515,"RLK",0,"TC","DE",65,35.861141,2530,2,90,56,18.2,2,2
428674.531,5509244.515,"RLK",0,"SL","DE",5,20.380009,1224,3,40,27,13.1,2,0
431674.531,5509244.515,"RLK",0,"TC","DE",75,35.512123,2507,2,60,59,16.6,2,1
432174.531,5509244.515,"RLK",0,"TC","DE",60,65.647224,419,2,50,122,33.8,3,3
429174.531,5509244.515,"RLK",0,"TC","DE",65,45.87093,668,3,90,182,25.5,1,0
426174.531,5509244.515,"RLK",0,"","LA",NA,NA,NA,NA,NA,NA,NA,-2,-2
431674.531,5508744.515,"RLK",0,"TC","DE",30,30.298401,295,4,80,252,31.3,3,1
430174.531,5509244.515,"RLK",0,"","LA",NA,NA,NA,NA,NA,NA,NA,-2,-2
430174.531,5508744.515,"RLK",0,"","LA",NA,NA,NA,NA,NA,NA,NA,-2,-2
426174.531,5510244.515,"RLK",0,"TC","DE",75,56.344337,556,3,60,112,28.4,3,3
426674.531,5510244.515,"RLK",0,"TC","DE",65,63.758121,336,3,60,212,40.6,3,3
425674.531,5509244.515,"RLK",0,"TC","DE",70,75.347946,384,3,85,112,38.9,3,3
429174.531,5508744.515,"RLK",0,"TC","OP",60,65,235,4,80,312,45.3,3,2
429674.531,5508244.515,"RLK",0,"TC","OP",60,39.358349,2043,2,60,34,18.3,1,0
430674.531,5508244.515,"RLK",0,"TM","DE",40,46.659401,252,4,80,182,40.8,3,2
425674.531,5508744.515,"RLK",0,"TB","OP",45,26.032049,898,3,100,27,23.6,2,1
425674.531,5508244.515,"RLK",0,"TC","SP",20,7.17952,660,NA,45,17,9.3,3,3
432674.531,5508244.515,"RLK",0,"TC","DE",65,35.823952,1171,3,50,112,15.9,2,1
428674.531,5510244.515,"RLK",0,"TC","DE",75,40.924129,3316,2,80,56,19.4,3,1
429674.531,5509744.515,"RLK",0,"TC","OP",60,38.79451,2390,3,40,56,21.9,1,1
429674.531,5509244.515,"RLK",0,"TC","OP",60,38.79451,2390,3,40,56,21.9,2,1
429674.531,5508744.515,"RLK",0,"TC","OP",60,35.988518,2103,2,80,56,18.2,2,1
430174.531,5509744.515,"RLK",0,"TC","DE",75,37.043159,3092,2,40,56,17.8,2,1
430174.531,5508244.515,"RLK",0,"TM","OP",60,37.274708,1466,4,50,57,21.7,2,1
428174.531,5510244.515,"RLK",0,"TC","OP",55,57.47636,274,3,50,112,40,3,1
430674.531,5509244.515,"RLK",0,"TC","DE",80,45.208038,2248,2,80,57,19.3,2,1
430674.531,5508744.515,"RLK",0,"TC","DE",75,39.96172,1932,2,90,59,17.9,2,1
431174.531,5509744.515,"RLK",0,"TC","DE",80,45.385841,2282,2,70,59,19.1,2,1
431674.531,5507744.515,"RLK",0,"TC","OP",55,51.230999,342,3,70,132,35.3,3,1
433174.531,5507744.515,"RLK",0,"TC","DE",50,45.613777,403,4,90,182,31.6,3,3
432674.531,5508744.515,"RLK",0,"TC","DE",75,49.664909,1001,3,50,49,21.9,2,1
430174.531,5507744.515,"RLK",0,"SL","DE",5,20.380009,1224,3,40,27,13.1,1,0
432174.531,5507244.515,"RLK",0,"TC","DE",80,50.192421,750,2,55,58,22,2,1
433174.531,5507244.515,"RLK",0,"TC","DE",80,65.831963,667,3,70,54,28.3,1,0
429674.531,5507244.515,"RLK",0,"TC","DE",65,47.213707,537,3,90,152,28.8,3,2
430674.531,5507744.515,"RLK",0,"TC","OP",50,14.27227,1029,2,90,22,11.9,1,1
426674.531,5509744.515,"RLK",0,"TC","DE",75,56.344337,556,3,60,112,28.4,3,2
426674.531,5509244.515,"RLK",0,"TC","DE",65,56.700909,415,3,90,112,33.7,3,2
427174.531,5509244.515,"RLK",0,"TC","DE",65,56.700909,415,3,90,112,33.7,3,2
427674.531,5508744.515,"RLK",0,"TC","DE",65,56.700909,415,3,90,112,33.7,3,2
427174.531,5510244.515,"RLK",0,"TC","OP",60,55.253529,414,4,60,122,33.4,3,2
427674.531,5510244.515,"RLK",0,"","LA",NA,NA,NA,NA,NA,NA,NA,3,2
425674.531,5509744.515,"RLK",0,"TC","DE",80,79.615105,423,3,80,82,36.1,3,2
426174.531,5508244.515,"RLK",0,"TC","DE",70,66.30619,449,3,80,92,33.3,3,2
426174.531,5509744.515,"RLK",0,"TC","DE",70,35.870949,249,4,60,187,38.7,3,2
426174.531,5508744.515,"RLK",0,"TC","OP",60,38.038109,627,3,85,82,24.1,3,2
431174.531,5509244.515,"RLK",0,"TC","DE",80,45.208038,2248,2,80,57,19.3,2,0
431174.531,5508744.515,"RLK",0,"TC","OP",50,39.205933,2190,3,40,54,21.4,1,0
431174.531,5508244.515,"RLK",0,"TC","OP",50,39.205933,2190,3,40,54,21.4,1,0
431674.531,5508244.515,"RLK",0,"TC","DE",75,40.273628,2197,2,70,54,18,1,0
432174.531,5508244.515,"RLK",0,"TC","DE",80,41.048492,1065,2,40,54,15.2,1,0
432174.531,5508744.515,"RLK",0,"TC","OP",60,33.425781,741,2,70,112,21.1,1,0
432174.531,5507744.515,"RLK",0,"TC","OP",55,51.230999,342,3,70,132,35.3,1,0
431174.531,5507744.515,"RLK",0,"TM","DE",65,48.127121,2395,3,50,39,13.5,1,0
431174.531,5507244.515,"RLK",0,"TC","OP",55,26.402229,1410,2,75,30,14.7,1,0
431674.531,5507244.515,"RLK",0,"TC","DE",65,66.145157,372,3,90,132,39.4,3,3
426674.531,5507244.515,"RLK",0,"TC","SP",20,11.349609,962,NA,50,19,9.8,1,0
430674.531,5507244.515,"RLK",0,"TC","DE",65,65.52829,363,3,50,147,40.2,3,3
432674.531,5506744.515,"RLK",0,"TC","OP",55,33.010658,766,3,60,59,19.7,2,1
426674.531,5506744.515,"RLK",0,"TC","SP",20,11.349609,962,NA,50,19,9.8,1,0
427174.531,5509744.515,"RLK",0,"","LA",NA,NA,NA,NA,NA,NA,NA,-2,-2
427674.531,5509744.515,"RLK",0,"","LA",NA,NA,NA,NA,NA,NA,NA,-2,-2
427674.531,5509244.515,"RLK",0,"","LA",NA,NA,NA,NA,NA,NA,NA,-2,-2
427674.531,5508244.515,"RLK",0,"","LA",NA,NA,NA,NA,NA,NA,NA,-2,-2
428174.531,5509244.515,"RLK",0,"","LA",NA,NA,NA,NA,NA,NA,NA,-2,-2
428174.531,5508744.515,"RLK",0,"","LA",NA,NA,NA,NA,NA,NA,NA,-2,-2
428674.531,5508744.515,"RLK",0,"","LA",NA,NA,NA,NA,NA,NA,NA,-2,-2
428174.531,5508244.515,"RLK",0,"","LA",NA,NA,NA,NA,NA,NA,NA,-2,-2
428674.531,5508244.515,"RLK",0,"","LA",NA,NA,NA,NA,NA,NA,NA,-2,-2
429174.531,5508244.515,"RLK",0,"","LA",NA,NA,NA,NA,NA,NA,NA,-2,-2
428174.531,5507744.515,"RLK",0,"","LA",NA,NA,NA,NA,NA,NA,NA,-2,-2
428674.531,5507744.515,"RLK",0,"","LA",NA,NA,NA,NA,NA,NA,NA,-2,-2
429174.531,5507744.515,"RLK",0,"","LA",NA,NA,NA,NA,NA,NA,NA,-2,-2
429674.531,5507744.515,"RLK",0,"","LA",NA,NA,NA,NA,NA,NA,NA,-2,-2
428674.531,5507244.515,"RLK",0,"","LA",NA,NA,NA,NA,NA,NA,NA,-2,-2
429174.531,5507244.515,"RLK",0,"","LA",NA,NA,NA,NA,NA,NA,NA,-2,-2
429174.531,5506744.515,"RLK",0,"TC","DE",70,66.642654,437,4,60,237,36.5,3,2
430174.531,5507244.515,"RLK",0,"TC","OP",45,47.26812,277,4,80,122,36.5,3,2
428174.531,5506244.515,"RLK",0,"TC","DE",80,66.179291,556,4,40,57,31.2,1,0
431674.531,5506244.515,"RLK",0,"TC","DE",65,50.510509,520,2,70,92,29.1,3,3
425674.531,5506244.515,"RLK",0,"TC","DE",70,58.64225,512,3,65,122,30.3,3,1
428674.531,5506244.515,"RLK",0,"TC","DE",70,66.642654,437,4,60,237,36.5,-2,-2
430674.531,5506244.515,"RLK",0,"TB","DE",80,42.107201,888,2,100,57,22.4,1,0
431674.531,5506744.515,"RLK",0,"TC","DE",65,46.392891,670,3,55,72,24.2,2,2
424674.531,5506244.515,"RLK",0,"TC","DE",65,64.063965,354,3,70,177,40.9,3,2
426674.531,5506244.515,"RLK",0,"TC","DE",75,71.401138,423,4,75,122,36.5,1,0
426174.531,5506244.515,"RLK",0,"TC","OP",45,9.32856,785,NA,73,22,9.8,1,0
424674.531,5506744.515,"RLK",0,"TC","DE",70,70.524223,435,3,85,157,38,3,2
424174.531,5505744.515,"RLK",0,"TC","OP",55,34.939701,627,3,80,77,24.4,3,2
424674.531,5505744.515,"RLK",0,"TC","SP",20,12.83809,1068,2,60,21,10.5,1,0
431674.531,5505744.515,"RLK",0,"TC","OP",55,41.672649,448,3,90,112,29.5,3,2
430674.531,5506744.515,"RLK",0,"TC","DE",65,65.52829,363,3,50,147,40.2,3,2
431174.531,5506744.515,"RLK",0,"TC","DE",65,65.52829,363,3,50,147,40.2,3,2
431174.531,5506244.515,"RLK",0,"TC","DE",65,65.52829,363,3,50,147,40.2,3,2
430674.531,5505744.515,"RLK",0,"TM","DE",65,45.189972,451,2,70,72,28.1,3,2
431174.531,5505744.515,"RLK",0,"TC","OP",60,64.806747,380,3,80,112,36.8,3,2
431174.531,5505244.515,"RLK",0,"TM","DE",65,45.189972,451,2,70,72,28.1,3,2
430674.531,5505244.515,"RLK",0,"TC","DE",65,62.245049,388,3,40,237,38.5,3,2
433174.531,5505744.515,"RLK",0,"TC","OP",45,38.83733,1567,3,40.1,37,19,2,1
424174.531,5505244.515,"RLK",0,"TC","OP",60,51.46151,509,4,80,82,29.6,3,2
424674.531,5505244.515,"RLK",0,"TC","OP",60,51.46151,509,4,80,82,29.6,3,3
425174.531,5505744.515,"RLK",0,"TC","DE",65,63.559265,350,4,70,232,40.5,3,3
425674.531,5505744.515,"RLK",0,"TC","DE",65,63.559265,350,4,70,232,40.5,3,3
426174.531,5505244.515,"RLK",0,"TC","OP",30,NA,2545,NA,40,18,6.4,1,0
432174.531,5505744.515,"RLK",0,"TC","OP",60,57.672932,628,2,45,82,25.9,3,1
431674.531,5505244.515,"RLK",0,"TC","DE",70,52.953293,1347,NA,70,83,23.7,3,1
432174.531,5505244.515,"RLK",0,"TC","OP",40,20.080799,1383,NA,60,83,13.3,3,1
431674.531,5504744.515,"RLK",0,"TC","OP",40,47.067146,664,NA,60,93,31,3,1
425674.531,5504744.515,"RLK",0,"TC","DE",70,67.442009,421,3,90,122,35.5,3,2
426174.531,5504744.515,"RLK",0,"TC","DE",80,79.910423,408,3,85,122,39.7,3,3
425674.531,5505244.515,"RLK",0,"TC","DE",80,79.910423,408,3,85,122,39.7,1,0
425174.531,5505244.515,"RLK",0,"TC","OP",40,17.999451,1261,NA,50,23,12.7,1,0
426674.531,5504744.515,"RLK",0,"TC","DE",80,72.574791,512,3,75,82,32.8,3,2
426674.531,5505244.515,"RLK",0,"TC","DE",65,47.320629,535,3,60,82,32.8,3,2
424174.531,5504744.515,"RLK",0,"TC","SP",15,20.696371,633,3,80,37,18.4,3,2
424674.531,5504744.515,"RLK",0,"TC","DE",65,54.632904,612,4,85,62,31.6,3,1
425174.531,5504744.515,"RLK",0,"TC","DE",65,52.419392,509,3,65,72,30.3,3,1
429674.531,5506244.515,"RLK",0,"TC","OP",60,50.277382,498,3,80,142,30,3,2
428174.531,5504744.515,"RLK",0,"TC","DE",65,64.054237,392,4,90,122,36.5,3,2
429174.531,5504744.515,"RLK",0,"TC","DE",65,51.26664,499,3,100,132,30.1,3,2
428174.531,5505744.515,"RLK",0,"TC","DE",65,66.233459,378,3,70,152,40.1,3,2
432674.531,5504244.515,"RLK",0,"TC","OP",40,54.550217,652,NA,70,350,28.3,2,1
424174.531,5504244.515,"RLK",0,"TM","SP",15,6.59746,250,5,50,52,16.3,3,3
426174.531,5504244.515,"RLK",0,"TC","DE",80,78.569458,408,3,85,122,37.6,3,1
429674.531,5504244.515,"RLK",0,"TC","SP",11,NA,1057,NA,80,5,0.8,1,0
432174.531,5504244.515,"RLK",0,"TC","DE",70,50.571995,1128,NA,45,118,21.4,3,2
430674.531,5504244.515,"RLK",0,"TC","OP",50,10.956711,858,NA,70,18,11.8,1,0
431674.531,5503744.515,"RLK",0,"TC","DE",70,57.577793,1090,NA,40.1,83,27.9,3,2
425674.531,5504244.515,"RLK",0,"TC","SP",25,19.15057,351,3,85,72,24.7,3,2
429174.531,5503744.515,"RLK",0,"TC","DE",60,65.57077,360,2,90,87,38,3,2
430674.531,5503744.515,"RLK",0,"TM","DE",70,49.637569,501,2,60,77,27.9,3,1
431674.531,5503244.515,"RLK",0,"TC","DE",90,70.511444,748,NA,70,73,40.4,3,3
431674.531,5504244.515,"RLK",0,"TC","DE",80,62.084671,1371,NA,60,80,27,3,3
431174.531,5503244.515,"RLK",0,"TM","DE",70,49.637569,501,2,60,77,27.9,3,3
431174.531,5503744.515,"RLK",0,"TC","DE",70,77.087265,365,2,90,87,40.1,3,3
431174.531,5504244.515,"RLK",0,"TC","DE",70,58.763588,526,2,100,82,30.7,3,3
430674.531,5504744.515,"RLK",0,"TC","DE",70,76.911911,345,3,40,82,41.6,3,3
431174.531,5504744.515,"RLK",0,"TC","DE",65,63.169128,233,3,50,87,41.2,3,3
428674.531,5503244.515,"RLK",0,"TC","DE",75,73.027817,387,2,100,91,38.8,3,3
432174.531,5503244.515,"RLK",0,"TC","DE",90,70.511444,748,NA,70,73,40.4,3,1
430174.531,5505244.515,"RLK",0,"TC","OP",60,48.621746,247,3,40,122,39.7,3,2
430174.531,5504744.515,"RLK",0,"TM","DE",70,53.261642,543,4,40,72,29.1,3,2
428174.531,5503244.515,"RLK",0,"TC","OP",50,60.255577,275,3,95,82,40.5,3,2
428674.531,5503744.515,"RLK",0,"TC","OP",50,38.000011,361,2,100,92,29.1,3,2
429174.531,5504244.515,"RLK",0,"TC","DE",70,70.831482,393,2,80,112,37.9,3,2
426674.531,5508744.515,"RLK",0,"TC","DE",70,71.44046,419,4,85,192,39.7,3,3
427174.531,5508744.515,"RLK",0,"TC","DE",75,67.939178,421,4,50,112,34.7,3,3
429174.531,5506244.515,"RLK",0,"TC","DE",75,66.691002,438,2,60,237,36.5,3,3
427674.531,5506244.515,"RLK",0,"TC","DE",85,65.342697,559,2,100,102,29.8,3,3
430174.531,5506744.515,"RLK",0,"TC","OP",60,50.277382,498,3,80,142,30,3,3
430174.531,5506244.515,"RLK",0,"TC","OP",60,50.277382,498,3,80,142,30,3,3
428174.531,5507244.515,"RLK",0,"TC","DE",65,64.879295,369,3,60,112,37.9,3,3
428174.531,5506744.515,"RLK",0,"TC","DE",75,64.713943,445,3,60,112,33.7,3,3
427674.531,5507244.515,"RLK",0,"TC","DE",65,61.490501,387,2,90,82,36.1,3,3
429674.531,5506744.515,"RLK",0,"TC","OP",45,39.495659,330,4,70,162,32.8,3,3
428674.531,5506744.515,"RLK",0,"TC","DE",70,70.610931,387,3,50,102,37.2,3,3
427174.531,5508244.515,"RLK",0,"TC","DE",30,34.999989,210,3,85,337,40.3,3,3
427674.531,5507744.515,"RLK",0,"TC","DE",30,34.999989,210,3,85,337,40.3,3,3
427174.531,5506744.515,"RLK",0,"TC","DE",75,71.401138,423,4,75,122,36.5,3,3
427174.531,5506244.515,"RLK",0,"TC","DE",75,71.401138,423,4,75,122,36.5,3,3
425174.531,5506244.515,"RLK",0,"TC","DE",70,58.64225,512,3,65,122,30.3,3,3
425174.531,5506744.515,"RLK",0,"TC","DE",75,49.795208,614,3,80,102,28.7,3,3
426674.531,5507744.515,"RLK",0,"TC","DE",75,67.712784,443,2,90,82,35.1,3,3
427174.531,5507744.515,"RLK",0,"TC","DE",75,67.712784,443,2,90,82,35.1,3,3
426174.531,5507244.515,"RLK",0,"TC","DE",75,67.712784,443,2,90,82,35.1,3,3
425674.531,5506744.515,"RLK",0,"TC","DE",75,56.367538,549,3,80,122,29.2,3,3
425174.531,5507744.515,"RLK",0,"TC","DE",65,61.95266,428,3,70,162,35.9,3,3
425174.531,5507244.515,"RLK",0,"TC","DE",65,61.95266,428,3,70,162,35.9,3,3
426174.531,5506744.515,"RLK",0,"TC","DE",65,61.95266,428,3,70,162,35.9,3,3
427174.531,5507244.515,"RLK",0,"TC","DE",65,66.233459,378,3,70,152,40.1,3,3
427674.531,5506744.515,"RLK",0,"TC","DE",65,66.233459,378,3,70,152,40.1,3,3
425674.531,5507744.515,"RLK",0,"TC","DE",70,66.324837,451,3,90,132,34.2,3,3
425674.531,5507244.515,"RLK",0,"TC","DE",70,66.324837,451,3,90,132,34.2,3,3
426674.531,5508244.515,"RLK",0,"TC","DE",75,62.135468,508,3,85,82,31.8,3,3
426174.531,5507744.515,"RLK",0,"TC","DE",75,62.135468,508,3,85,82,31.8,3,3
424174.531,5506244.515,"RLK",0,"TC","DE",65,64.063965,354,3,70,177,40.9,3,3
426674.531,5504244.515,"RLK",0,"TC","DE",80,72.255722,492,3,85,82,32.8,3,3
427174.531,5504244.515,"RLK",0,"TC","DE",80,72.255722,492,3,85,82,32.8,3,3
427174.531,5505244.515,"RLK",0,"TC","DE",75,66.445442,436,4,55,82,34,3,3
427174.531,5504744.515,"RLK",0,"TC","DE",75,66.445442,436,4,55,82,34,3,3
427174.531,5505744.515,"RLK",0,"TC","DE",75,71.401138,423,4,75,122,36.5,3,3
426174.531,5505744.515,"RLK",0,"TC","DE",65,63.559265,350,4,70,232,40.5,3,3
426674.531,5505744.515,"RLK",0,"TC","DE",70,67.417702,454,4,80,122,34.4,3,3
428674.531,5504744.515,"RLK",0,"TC","DE",65,64.054237,392,4,90,122,36.5,3,3
428674.531,5505244.515,"RLK",0,"TC","DE",65,59.199379,416,2,90,122,34.4,3,3
429174.531,5505244.515,"RLK",0,"TC","DE",65,51.26664,499,3,100,132,30.1,3,3
428674.531,5505744.515,"RLK",0,"TC","DE",75,67.896812,446,2,90,122,34.4,3,3
427674.531,5505744.515,"RLK",0,"TC","DE",65,66.233459,378,3,70,152,40.1,3,3
430174.531,5505744.515,"RLK",0,"TC","OP",45,47.211853,248,3,40,132,39.4,3,3
426174.531,5503744.515,"RLK",0,"TC","DE",70,68.879486,415,4,45,132,37.3,3,3
426674.531,5503244.515,"RLK",0,"TC","DE",65,61.952641,423,4,70,162,35.9,3,3
426674.531,5503744.515,"RLK",0,"TC","DE",70,68.129456,464,4,60,132,33.7,3,3
429674.531,5502744.515,"RLK",0,"TC","OP",60,65.597076,357,2,90,91,38.8,3,3
429674.531,5503744.515,"RLK",0,"TC","SP",11,NA,939,NA,70,7,1,1,0
429674.531,5503244.515,"RLK",0,"TC","SP",11,NA,939,NA,70,7,1,1,0
429174.531,5503244.515,"RLK",0,"TC","DE",60,65.57077,360,2,90,87,38,1,0
428674.531,5502744.515,"RLK",0,"TC","DE",55,54.456978,313,2,70,82,37.2,1,0
430174.531,5502744.515,"RLK",0,"TM","DE",65,48.231747,470,2,60,82,28.9,3,3
430174.531,5503244.515,"RLK",0,"TC","DE",75,73.41011,385,2,100,87,39,3,3
430174.531,5504244.515,"RLK",0,"TC","DE",70,70.831482,393,2,80,112,37.9,3,1
429174.531,5502744.515,"RLK",0,"TC","OP",60,65.597076,357,2,90,91,38.8,3,1
430174.531,5503744.515,"RLK",0,"TM","DE",85,49.25975,465,4,60,72,29.1,3,1
428174.531,5502744.515,"RLK",0,"TC","DE",70,73.865387,378,2,90,82,39.4,3,1
425174.531,5504244.515,"RLK",0,"TC","DE",65,52.419392,509,3,65,72,30.3,3,3
424674.531,5504244.515,"RLK",0,"TC","DE",65,62.96402,401,4,65,142,37.2,3,3
425174.531,5503744.515,"RLK",0,"TC","DE",75,74.305908,388,4,65,162,41,3,3
425674.531,5503744.515,"RLK",0,"TC","DE",80,69.053284,544,4,55,122,31.3,3,3
432174.531,5502244.515,"RLK",0,"TC","OP",40,36.74358,924,NA,40,83,22.5,3,1
430174.531,5502244.515,"RLK",0,"TC","DE",70,72.936836,379,2,80,87,39,3,2
431674.531,5502244.515,"RLK",0,"SL","OP",NA,NA,NA,NA,NA,NA,NA,1,0
429674.531,5502244.515,"RLK",0,"TC","DE",75,73.027817,387,2,100,91,38.8,3,2
430674.531,5503244.515,"RLK",0,"TC","DE",65,68.318848,364,3,80,77,38.8,3,2
431674.531,5502744.515,"RLK",0,"TC","OP",60,51.859795,1249,NA,60,83,23.7,3,2
431674.531,5501744.515,"RLK",0,"SL","SP",NA,NA,NA,NA,NA,NA,NA,3,1
431174.531,5501744.515,"RLK",0,"TC","OP",60,62.463867,596,NA,50,83,38.2,3,1
431174.531,5502244.515,"RLK",0,"TC","OP",60,65.553848,789,NA,60,83,36.2,3,1
431174.531,5502744.515,"RLK",0,"TC","DE",70,71.528831,387,2,70,77,36.6,3,1
432174.531,5501744.515,"RLK",0,"TC","OP",40,36.74358,924,NA,40,83,22.5,3,2
429174.531,5505744.515,"RLK",0,"","LA",NA,NA,NA,NA,NA,NA,NA,-2,-2
429674.531,5505744.515,"RLK",0,"","LA",NA,NA,NA,NA,NA,NA,NA,-2,-2
428174.531,5505244.515,"RLK",0,"","LA",NA,NA,NA,NA,NA,NA,NA,-2,-2
429674.531,5505244.515,"RLK",0,"","LA",NA,NA,NA,NA,NA,NA,NA,-2,-2
428174.531,5504244.515,"RLK",0,"","LA",NA,NA,NA,NA,NA,NA,NA,-2,-2
428674.531,5504244.515,"RLK",0,"","LA",NA,NA,NA,NA,NA,NA,NA,-2,-2
428174.531,5503744.515,"RLK",0,"","LA",NA,NA,NA,NA,NA,NA,NA,-2,-2
429674.531,5504744.515,"RLK",0,"TC","DE",65,65.678337,359,3,75,92,38.7,-2,-2
427674.531,5505244.515,"RLK",0,"","LA",1,1.06739,10,4,60,97,26.7,-2,-2
427674.531,5504744.515,"RLK",0,"","LA",1,1.06739,10,4,60,97,26.7,-2,-2
427674.531,5504244.515,"RLK",0,"","LA",1,1.06739,10,4,60,97,26.7,-2,-2
427174.531,5503744.515,"RLK",0,"","LA",1,1.06739,10,4,60,97,26.7,-2,-2
427674.531,5503744.515,"RLK",0,"","LA",1,1.06739,10,4,60,97,26.7,-2,-2
427174.531,5503244.515,"RLK",0,"","LA",1,1.06739,10,4,60,97,26.7,-2,-2
427674.531,5503244.515,"RLK",0,"","LA",1,1.06739,10,4,60,97,26.7,-2,-2
437674.531,5499744.515,"SKA",0,"SL","SP",13,NA,1650,NA,60,14,6,1,0
436674.531,5499744.515,"SKA",0,"TC","OP",30,31.999969,100,3,70,315,34.5,3,3
437174.531,5499744.515,"SKA",0,"TC","DE",70,59.449299,586,2,70,112,27.2,3,3
436174.531,5499744.515,"SKA",0,"TC","DE",70,68.781296,483,2,50,75,34.6,3,1
438174.531,5499244.515,"SKA",0,"TM","DE",65,43.348404,494,3,50,78,26.9,3,1
435674.531,5499244.515,"SKA",0,"TC","OP",30,38.23864,841,NA,60,103,19.8,2,1
436674.531,5499244.515,"SKA",0,"TC","OP",60,67.000702,415,3,70,337,36.4,3,3
438674.531,5498744.515,"SKA",0,"TC","DE",70,71.721512,400,3,80,113,36.9,1,0
438674.531,5498244.515,"SKA",0,"TC","OP",50,53.02018,323,3,55,113,35.9,3,2
438174.531,5498244.515,"SKA",0,"TC","SP",25,15.78647,1281,3,50,29,10.5,3,3
435174.531,5498244.515,"SKA",0,"TC","OP",40,43.154747,748,NA,90,109,25.1,3,2
435674.531,5498244.515,"SKA",0,"TC","OP",40,43.154747,748,NA,90,109,25.1,3,1
436674.531,5498244.515,"SKA",0,"TC","OP",55,55.000389,417,2,60,463,30.2,3,2
437174.531,5498744.515,"SKA",0,"TC","DE",75,52.378021,560,2,70,78,27.9,3,2
436674.531,5498744.515,"SKA",0,"TC","OP",50,60.000362,385,3,40,363,32.3,3,2
437174.531,5498244.515,"SKA",0,"TC","OP",55,35.055988,671,2,40.1,93,21.1,3,2
437674.531,5498744.515,"SKA",0,"TC","OP",45,48.25824,625,3,60,313,41.3,3,2
437674.531,5499244.515,"SKA",0,"TC","DE",70,69.306549,424,3,60,143,37.3,3,2
437174.531,5499244.515,"SKA",0,"TC","DE",70,59.076309,595,2,80,88,29.5,3,2
436674.531,5497744.515,"SKA",0,"TC","DE",65,56.029621,423,3,60,123,33.5,3,2
437674.531,5497744.515,"SKA",0,"TC","OP",30,25.22337,1354,2,45.1,28,15.2,1,0
437674.531,5498244.515,"SKA",0,"TC","OP",45,48.25824,625,3,60,313,41.3,1,0
438174.531,5498744.515,"SKA",0,"SL","DE",NA,0,0,NA,NA,NA,NA,1,0
437174.531,5497744.515,"SKA",0,"SL","DE",NA,0,0,NA,NA,NA,NA,1,0
438174.531,5497744.515,"SKA",0,"TC","DE",55,45.284172,429,3,50,73,31.7,3,3
438674.531,5497744.515,"SKA",0,"TC","OP",45,41.808472,302,3,70,112,33.7,3,1
430674.531,5502244.515,"RLK",0,"EL","UR",NA,NA,NA,NA,NA,NA,NA,0,0
430674.531,5502744.515,"RLK",0,"TM","SP",11,NA,1400,NA,60,1,0.3,1,0
435174.531,5497744.515,"SKA",0,"TC","OP",40,34.174953,622,3,50,63,24.1,2,1
435674.531,5497744.515,"SKA",0,"TC","OP",60,36.143051,967,2,70,68,17.9,2,1
436174.531,5497744.515,"SKA",0,"TC","OP",45,38.7323,615,3,40,63,18.8,2,1
438674.531,5497244.515,"SKA",0,"TM","DE",75,45.828758,497,2,50,73,27.1,3,2
438174.531,5496744.515,"SKA",0,"TC","DE",75,68.090546,451,2,85,123,34,3,3
437674.531,5496744.515,"SKA",0,"TC","DE",70,73.988297,430,2,40,73,36.3,3,3
438674.531,5496744.515,"SKA",0,"TC","DE",75,83.469482,393,2,70,123,39.1,3,3
438174.531,5497244.515,"SKA",0,"TC","DE",70,68.073715,530,2,50,68,31.6,3,3
437674.531,5497244.515,"SKA",0,"TC","DE",60,52.531708,598,2,50.1,68,27,3,3
434674.531,5496744.515,"SKA",0,"TC","DE",65,45.10104,705,2,80,82,22.4,2,1
432174.531,5506244.515,"RLK",0,"TC","DE",65,55.235085,556,3,50,292,27.6,2,0
432674.531,5504744.515,"RLK",0,"TC","OP",50,70.585373,682,NA,50,313,33.1,2,0
432174.531,5504744.515,"RLK",0,"TC","OP",40,20.080799,1383,NA,60,83,13.3,1,0
432674.531,5503244.515,"RLK",0,"TC","OP",40,18.56139,1315,NA,50,42,10.5,1,0
432674.531,5502744.515,"RLK",0,"TC","OP",40,18.56139,1315,NA,50,42,10.5,1,0
432174.531,5503744.515,"RLK",0,"TC","SP",20,20.86697,1305,NA,60,46,11.5,1,0
432674.531,5503744.515,"RLK",0,"TC","SP",20,20.86697,1305,NA,60,46,11.5,1,0
432174.531,5502744.515,"RLK",0,"TC","DE",70,66.722542,732,NA,50,150,33.7,1,0
432674.531,5502244.515,"RLK",0,"SL","SP",5,9.22769,855,NA,70,35,8.6,1,0
434674.531,5497244.515,"SKA",0,"TC","OP",40,37.443729,529,3,70,62,26,2,0
432174.531,5506744.515,"RLK",0,"TC","DE",80,50.192421,750,2,55,58,22,1,0
432674.531,5506244.515,"RLK",0,"TC","OP",55,37.283531,881,2,50,52,20,1,0
432674.531,5505744.515,"RLK",0,"TC","OP",55,37.283531,881,2,50,52,20,1,0
432674.531,5507244.515,"RLK",0,"TC","SP",20,21.091278,1346,4,60,34,12.3,1,0
433174.531,5506744.515,"RLK",0,"TC","SP",20,21.091278,1346,4,60,34,12.3,1,0
432674.531,5507744.515,"RLK",0,"TC","DE",65,42.685349,825,2,50,56,23.3,1,0
433174.531,5506244.515,"RLK",0,"TC","OP",55,37.031769,888,3,50,55,19.6,1,0
432674.531,5505244.515,"RLK",0,"TC","OP",30,19.520321,1090,NA,40.1,83,12.4,1,0
436174.531,5498744.515,"SKA",0,"TC","SP",10,15.525749,1425,3,50,27,11.1,1,0
435674.531,5498744.515,"SKA",0,"SL","SP",5,NA,1500,NA,70,33,6.6,1,0
435174.531,5498744.515,"SKA",0,"TC","DE",100,10.665891,1051,NA,50,41,8.7,1,0
436174.531,5499244.515,"SKA",0,"TC","SP",10,6.75895,722,3,60,27,8.7,1,0
435174.531,5497244.515,"SKA",0,"SL","DE",NA,0,0,NA,NA,NA,NA,1,0
435674.531,5497244.515,"SKA",0,"TC","SP",10,38.153351,2428,2,50,35,16.4,1,0
436174.531,5498244.515,"SKA",0,"TC","SP",25,21.679939,1741,3,55,33,12.5,1,0
435674.531,5496744.515,"SKA",0,"TC","OP",50,36.779751,1503,3,60,51,19.8,1,0
435174.531,5496744.515,"SKA",0,"TC","OP",50,40.260818,1433,3,60,45,22.5,1,0
439674.531,5495744.515,"SKA",0,"TC","DE",65,49.663586,519,3,50,108,28.6,1,0
435174.531,5496244.515,"SKA",0,"TC","OP",35,28.743382,981,3,60,45,22.5,1,1
435674.531,5496244.515,"SKA",0,"TC","OP",50,36.779751,1503,3,60,51,19.8,2,2
438674.531,5495744.515,"SKA",0,"TC","DE",65,63.7939,446,3,60,113,32.2,2,1
438174.531,5495744.515,"SKA",0,"TC","OP",45,37.26516,426,3,45,243,28.9,3,3
439174.531,5496744.515,"SKA",0,"TC","DE",65,67.881012,346,3,70,123,40.8,3,2
436674.531,5497244.515,"SKA",0,"TC","DE",70,60.334263,647,3,40,68,27,3,2
437174.531,5497244.515,"SKA",0,"TC","DE",70,60.334263,647,3,40,68,27,3,2
437174.531,5496744.515,"SKA",0,"TC","DE",70,60.334263,647,3,40,68,27,3,2
439174.531,5496244.515,"SKA",0,"TC","OP",55,60.574608,303,2,65,103,37.9,3,2
438174.531,5496244.515,"SKA",0,"TC","DE",70,62.078732,554,3,70,73,29.8,3,2
438674.531,5496244.515,"SKA",0,"TC","OP",55,58.507214,244,3,70,98,32.7,3,3
439174.531,5495744.515,"SKA",0,"TC","OP",60,66.784088,410,3,65,113,34.2,3,3
434674.531,5495744.515,"SKA",0,"TC","OP",50,45,562,3,70,462,25.2,2,1
439674.531,5495244.515,"SKA",0,"TC","DE",65,56.576672,413,3,60,113,33.8,3,3
434674.531,5495244.515,"SKA",0,"TC","OP",50,45,562,3,70,462,25.2,2,1
437674.531,5495244.515,"SKA",0,"TC","OP",45,30.05917,397,3,85,313,21.7,2,1
440174.531,5494744.515,"SKA",0,"TC","OP",60,54.999962,56,3,70,103,36.3,3,2
439174.531,5494744.515,"SKA",0,"TC","OP",20,25.99999,145,3,90,337,44.3,3,3
438674.531,5494744.515,"SKA",0,"TC","DE",70,50.262993,1086,2,60,57,25.3,2,1
434174.531,5495244.515,"SKA",0,"TC","DE",65,62.341362,760,2,60,65,32.4,2,1
434174.531,5494744.515,"SKA",0,"TC","OP",60,51.123241,997,2,60,43,20.4,2,1
435674.531,5494744.515,"SKA",0,"TC","OP",55,42.93951,620,3,65,62,24.9,2,1
439174.531,5494244.515,"SKA",0,"TC","DE",60,70.00016,192,2,70,57,26.5,1,1
436674.531,5494244.515,"SKA",0,"TC","SP",10,20.51391,1709,3,50,30,12.1,2,1
434674.531,5496244.515,"SKA",0,"TC","DE",65,45.10104,705,2,80,82,22.4,2,2
435174.531,5494244.515,"SKA",0,"TC","DE",65,35.846138,909,2,80,67,20.6,2,1
436174.531,5494244.515,"SKA",0,"TC","OP",40,33.290722,1697,3,50,32,15.8,1,1
436174.531,5496744.515,"SKA",0,"TC","OP",45,38.948109,1335,3,50,47,18.5,2,1
436174.531,5497244.515,"SKA",0,"TC","DE",65,54.985229,1689,2,50,47,20.9,2,1
436174.531,5495244.515,"SKA",0,"TC","OP",50,40.387592,694,2,60,58,23.5,2,1
436174.531,5494744.515,"SKA",0,"TC","OP",50,40.387592,694,2,60,58,23.5,2,1
435674.531,5495244.515,"SKA",0,"TC","OP",50,40.387592,694,2,60,58,23.5,2,1
435674.531,5495744.515,"SKA",0,"TC","OP",55,62.000591,345,3,70,353,35.4,2,1
440674.531,5493744.515,"SKA",0,"TC","OP",45,10.633221,908,NA,55,18,10.2,3,3
435174.531,5495244.515,"SKA",0,"TC","OP",50,45,562,3,70,462,25.2,1,0
434174.531,5495744.515,"SKA",0,"TC","OP",35,22.256729,1857,2,50,32,12,1,0
435174.531,5495744.515,"SKA",0,"TC","OP",35,22.256729,1857,2,50,32,12,1,0
434674.531,5494744.515,"SKA",0,"TC","OP",35,35.541031,2441,2,60,38,14.8,1,0
435174.531,5494744.515,"SKA",0,"TC","SP",25,25.03286,1852,2,55,43,17.9,1,0
434674.531,5494244.515,"SKA",0,"TC","OP",60,57.611012,622,2,70,63,27,1,0
435674.531,5494244.515,"SKA",0,"TC","OP",45,48.959316,1581,2,55,43,17.9,1,0
437674.531,5493744.515,"SKA",0,"TC","SP",10,41.728783,1987,3,55,38,18.8,3,3
438674.531,5495244.515,"SKA",0,"TC","DE",70,50.262993,1086,2,60,57,25.3,2,2
439174.531,5495244.515,"SKA",0,"TC","DE",65,56.576672,413,3,60,113,33.8,3,1
440174.531,5494244.515,"SKA",0,"TM","OP",60,35.168621,522,3,70,62,23.2,2,0
440174.531,5493744.515,"SKA",0,"TC","DE",65,64.999992,235,3,90,332,45.3,1,0
439674.531,5494744.515,"SKA",0,"TC","SP",11,NA,671,NA,80,2,0.3,1,0
439674.531,5494244.515,"SKA",0,"TM","OP",60,35.168621,522,3,70,62,23.2,1,0
440674.531,5494244.515,"SKA",0,"TC","OP",60,78.334991,267,3,40,122,45.1,3,2
434174.531,5493744.515,"SKA",0,"TC","OP",50,53.014011,856,4,70,54,21.8,1,1
435674.531,5493744.515,"SKA",0,"TC","OP",45,48.959316,1581,2,55,43,17.9,3,3
435674.531,5493244.515,"SKA",0,"TC","OP",45,48.959316,1581,2,55,43,17.9,1,0
434674.531,5493744.515,"SKA",0,"TC","OP",40,40.332428,486,4,45,67,26.7,2,2
434674.531,5493244.515,"SKA",0,"TC","DE",65,83.758774,1090,2,70,107,20.6,3,2
434174.531,5494244.515,"SKA",0,"TC","OP",45,35.53693,560,3,70,72,24.2,3,2
438674.531,5493244.515,"SKA",0,"TC","DE",80,49.362541,946,2,90,107,22.2,3,2
434174.531,5493244.515,"SKA",0,"TC","OP",50,43.71254,874,3,60,57,15.4,1,0
436674.531,5496244.515,"SKA",0,"TC","SP",10,21.226917,1706,1,48,33,12.5,1,0
437174.531,5496244.515,"SKA",0,"TC","SP",10,21.226917,1706,1,48,33,12.5,1,0
437174.531,5495744.515,"SKA",0,"TC","SP",10,21.226917,1706,1,48,33,12.5,1,0
436674.531,5495244.515,"SKA",0,"TC","SP",10,21.226917,1706,1,48,33,12.5,1,0
437174.531,5495244.515,"SKA",0,"TC","SP",10,21.226917,1706,1,48,33,12.5,1,0
436674.531,5494744.515,"SKA",0,"TC","SP",10,21.226917,1706,1,48,33,12.5,1,0
437674.531,5496244.515,"SKA",0,"TC","OP",45,37.26516,426,3,45,243,28.9,1,0
437674.531,5495744.515,"SKA",0,"TC","OP",45,37.26516,426,3,45,243,28.9,1,0
438174.531,5495244.515,"SKA",0,"TC","SP",25,29.34153,2171,3,50,32,15.8,1,0
438174.531,5494744.515,"SKA",0,"TC","SP",25,29.34153,2171,3,50,32,15.8,1,0
436174.531,5495744.515,"SKA",0,"TC","OP",50,40.387592,694,2,60,58,23.5,1,0
436674.531,5495744.515,"SKA",0,"TC","OP",55,47.836788,3381,1,70,39,15.2,1,0
437174.531,5494244.515,"SKA",0,"TC","OP",60,51.394669,2165,2,65,49,20.4,1,0
437674.531,5494744.515,"SKA",0,"TC","SP",20,32.185837,2274,3,50,35,14.5,1,0
437174.531,5494744.515,"SKA",0,"TC","OP",50,47.685028,968,3,50,49,21.3,1,0
437674.531,5494244.515,"SKA",0,"TC","SP",10,41.728783,1987,3,55,38,18.8,1,0
438174.531,5493744.515,"SKA",0,"TC","SP",10,41.728783,1987,3,55,38,18.8,1,0
437674.531,5493244.515,"SKA",0,"TC","SP",10,41.728783,1987,3,55,38,18.8,1,0
438174.531,5493244.515,"SKA",0,"TC","SP",10,41.728783,1987,3,55,38,18.8,1,0
436174.531,5496244.515,"SKA",0,"TC","OP",50,48.429668,1492,3,50,47,18.5,2,0
436674.531,5496744.515,"SKA",0,"TC","OP",55,57.000111,372,3,60,353,35.4,3,0
437674.531,5492744.515,"SKA",0,"TC","DE",65,45.126507,601,3,90,92,25.8,3,2
438174.531,5492744.515,"SKA",0,"TC","SP",15,13.42001,1073,2,60,26,9.9,1,0
434174.531,5492744.515,"SKA",0,"TC","OP",60,47.432472,542,2,60,72,29.2,2,1
439674.531,5492244.515,"SKA",0,"TC","DE",60,65.014893,362,2,50,92,33.3,2,2
441174.531,5492244.515,"SKA",0,"TC","DE",65,42.690849,624,3,80,132,24.9,3,2
437174.531,5492744.515,"SKA",0,"TC","OP",60,50.80872,655,2,70,64,24.7,1,0
437674.531,5492244.515,"SKA",0,"TC","OP",60,50.80872,655,2,70,64,24.7,1,0
441174.531,5491744.515,"SKA",0,"TC","OP",50,48.917038,427,3,65,92,33.3,1,0
440174.531,5491744.515,"SKA",0,"TC","DE",65,60.679131,2216,3,35,60,29.2,1,0
438674.531,5494244.515,"SKA",0,"TC","OP",60,69.999748,190,3,40,57,30,3,3
440174.531,5492244.515,"SKA",0,"TC","DE",60,65.014893,362,2,50,92,33.3,3,3
440674.531,5492744.515,"SKA",0,"TC","OP",45,46.77903,251,3,70,187,40.8,3,3
440174.531,5492744.515,"SKA",0,"TC","DE",70,76.976593,365,3,85,92,40.9,3,3
440174.531,5493244.515,"SKA",0,"TC","DE",55,44.157249,388,3,70,107,31.7,3,3
440674.531,5493244.515,"SKA",0,"TC","DE",65,64.999992,235,3,90,332,45.3,3,3
439674.531,5493744.515,"SKA",0,"TC","DE",60,53.235229,444,2,60,92,32.3,3,3
439174.531,5492244.515,"SKA",0,"TC","DE",15,18.000019,50,3,90,337,43.3,3,3
439174.531,5491744.515,"SKA",0,"TC","DE",15,18.000019,50,3,90,337,43.3,3,3
439174.531,5493744.515,"SKA",0,"TC","DE",75,56.410248,689,2,70,107,29.6,3,3
439174.531,5493244.515,"SKA",0,"TC","DE",75,56.410248,689,2,70,107,29.6,3,3
439674.531,5493244.515,"SKA",0,"TC","DE",75,56.410248,689,2,70,107,29.6,3,3
438674.531,5492744.515,"SKA",0,"TC","DE",75,56.410248,689,2,70,107,29.6,3,3
439174.531,5492744.515,"SKA",0,"TC","DE",75,56.410248,689,2,70,107,29.6,3,3
439674.531,5492744.515,"SKA",0,"TC","DE",75,56.410248,689,2,70,107,29.6,3,3
438674.531,5492244.515,"SKA",0,"TC","DE",75,56.410248,689,2,70,107,29.6,3,3
438674.531,5493744.515,"SKA",0,"TC","DE",60,70.00016,192,2,70,57,26.5,3,3
438174.531,5494244.515,"SKA",0,"TC","DE",65,49.79834,490,2,70,92,26.9,3,3
440674.531,5492244.515,"SKA",0,"TC","OP",60,60.543839,514,3,45,92,29.5,3,3
437674.531,5491744.515,"SKA",0,"TC","OP",40,26.55958,787,3,80,52,19.2,2,1
439674.531,5491744.515,"SKA",0,"TC","OP",50,53.477959,511,3,35,60,29.2,1,0
435674.531,5491744.515,"SKA",0,"TC","SP",11,NA,2795,NA,70,7,1.8,3,1
436174.531,5492744.515,"SKA",0,"TC","OP",55,57.000011,397,4,40.1,347,31.4,2,1
436174.531,5491744.515,"SKA",0,"TC","OP",55,57.000011,397,4,40.1,347,31.4,2,1
436174.531,5493244.515,"SKA",0,"TC","OP",55,36.446678,728,3,70,62,22.3,2,1
437174.531,5491744.515,"SKA",0,"TC","OP",40,32.38171,1165,3,60,42,18.3,1,0
440674.531,5491744.515,"SKA",0,"TC","OP",55,56.218529,301,4,75,172,40.9,3,3
436674.531,5491744.515,"SKA",0,"TC","DE",65,61.769279,500,2,60,72,31,3,1
436674.531,5492244.515,"SKA",0,"TC","SP",10,14.99994,25,3,100,337,35.4,3,2
438174.531,5492244.515,"SKA",0,"TC","DE",65,45.126507,601,3,90,92,25.8,2,2
437174.531,5493244.515,"SKA",0,"TC","SP",10,11.98144,743,3,50.1,62,15,2,2
437174.531,5493744.515,"SKA",0,"TC","OP",50,42.492149,614,3,70,62,24.9,2,2
436174.531,5492244.515,"SKA",0,"TC","OP",55,57.000011,397,4,40.1,347,31.4,2,2
436674.531,5492744.515,"SKA",0,"TC","OP",45,40.000481,355,4,60,337,29.4,2,2
436674.531,5493244.515,"SKA",0,"TC","OP",50,43.62788,615,3,70,62,26.1,2,2
436174.531,5493744.515,"SKA",0,"TC","OP",55,42.93951,620,3,65,62,24.9,2,2
436674.531,5493744.515,"SKA",0,"TC","OP",55,39.831451,1970,2,50,49,21.9,2,2
438174.531,5491744.515,"SKA",0,"TC","OP",50,39.20974,562,3,50,72,27,2,2
437174.531,5492244.515,"SKA",0,"TC","OP",45,36.723328,569,3,50,67,24.5,2,2
439174.531,5491244.515,"SKA",0,"TC","DE",70,62.500629,534,2,75,62,31.6,3,2
439674.531,5491244.515,"SKA",0,"TC","OP",55,49.405571,2397,3,50,60,31.9,2,1
440674.531,5491244.515,"SKA",0,"TM","DE",70,37.268108,928,3,50,60,21.3,1,0
436674.531,5491244.515,"SKA",0,"TC","OP",35,13.75303,522,3,80,52,19.2,3,2
436174.531,5491244.515,"SKA",0,"TC","SP",11,NA,2795,NA,70,7,1.8,3,1
437674.531,5491244.515,"SKA",0,"TC","OP",40,26.898359,667,3,60,62,22.7,2,1
441174.531,5490744.515,"SKA",0,"TB","DE",80,34.914429,832,3,80,57,19.3,2,1
438174.531,5491244.515,"SKA",0,"TC","OP",55,45.87373,468,3,50,72,30.3,3,3
441174.531,5491244.515,"SKA",0,"TC","DE",65,65.592415,366,3,60,132,39.4,3,2
438674.531,5490744.515,"SKA",0,"SL","OP",5,4.42994,152,3,80,117,22.3,3,1
438674.531,5491744.515,"SKA",0,"TC","OP",50,36.662399,2052,3,60,49,23.6,1,0
438674.531,5491244.515,"SKA",0,"TC","OP",50,36.662399,2052,3,60,49,23.6,1,0
439674.531,5490744.515,"SKA",0,"TC","OP",50,57.507175,445,3,60,62,31.7,3,2
440174.531,5491244.515,"SKA",0,"TC","OP",55,49.405571,2397,3,50,60,31.9,2,1
441174.531,5490244.515,"SKA",0,"TC","DE",65,59.384773,391,2,80,112,35.7,3,2
439674.531,5490244.515,"SKA",0,"TC","OP",60,47.29401,1994,2,50,38,20.7,1,1
441674.531,5490244.515,"SKA",0,"TC","DE",65,59.384773,391,2,80,112,35.7,3,2
437174.531,5491244.515,"SKA",0,"TC","DE",65,50.912819,576,3,50,82,30,3,3
437174.531,5490744.515,"SKA",0,"TC","DE",65,50.912819,576,3,50,82,30,3,3
437674.531,5490744.515,"SKA",0,"TC","DE",65,54.855659,531,2,60,87,28.7,3,3
437674.531,5490244.515,"SKA",0,"TC","OP",50,41.513512,1332,2,50,51,24.4,1,0
438674.531,5490244.515,"SKA",0,"TC","OP",55,35.740578,580,3,75,97,24.6,3,2
435174.531,5492244.515,"SKA",0,"TC","DE",65,67.000008,415,3,90,337,36.4,3,3
435174.531,5493744.515,"SKA",0,"TC","DE",70,58.636028,546,2,65,72,28.4,3,3
435174.531,5493244.515,"SKA",0,"TC","DE",70,58.636028,546,2,65,72,28.4,3,3
434174.531,5491244.515,"SKA",0,"TC","OP",60,57.790642,503,3,60,132,29.4,3,3
434174.531,5491744.515,"SKA",0,"TC","OP",60,55.36557,526,3,60,77,29.2,3,3
434674.531,5491744.515,"SKA",0,"TC","OP",55,37.957581,593,2,80,82,25.2,3,3
434674.531,5492244.515,"SKA",0,"TC","DE",65,54.802071,527,2,70,82,28.9,3,3
434174.531,5492244.515,"SKA",0,"TC","DE",65,67.422699,418,3,50,232,35.7,3,3
434674.531,5492744.515,"SKA",0,"TC","DE",70,53.651176,647,2,50,132,25.3,3,3
435174.531,5492744.515,"SKA",0,"TC","DE",70,53.651176,647,2,50,132,25.3,3,3
434674.531,5491244.515,"SKA",0,"TC","OP",50,46.541531,537,3,55,72,27.4,3,3
435174.531,5491744.515,"SKA",0,"TC","DE",65,60.091549,430,3,60,77,34.4,3,3
435174.531,5491244.515,"SKA",0,"TC","DE",65,60.091549,430,3,60,77,34.4,3,3
438174.531,5490744.515,"SKA",0,"TC","DE",65,57.775688,560,2,55,72,28.4,2,2
438174.531,5490244.515,"SKA",0,"TC","DE",70,60.53104,644,2,50,62,27.6,2,2
439174.531,5490744.515,"SKA",0,"TC","OP",55,41.591038,432,3,50,82,29.6,3,3
440174.531,5490744.515,"SKA",0,"TC","OP",55,49.405571,2397,3,50,60,31.9,3,3
434674.531,5490744.515,"SKA",0,"TC","OP",60,57.317177,556,3,50,70,28.6,3,3
435174.531,5490744.515,"SKA",0,"TC","DE",60,59.649239,474,2,60,87,30.8,3,3
441674.531,5489744.515,"SKA",0,"TC","OP",50,42.417618,415,3,70,132,30.1,3,1
440174.531,5489744.515,"SKA",0,"TC","OP",45,36.414276,952,3,70,39,23.3,2,1
440674.531,5489744.515,"SKA",0,"TC","OP",60,55.806801,411,3,50,112,33.7,2,1
435174.531,5489744.515,"SKA",0,"TC","DE",65,54.544922,451,2,80,87,32.6,3,1
441674.531,5489244.515,"SKA",0,"TC","OP",60,65.275452,364,3,60,132,39.4,3,3
435674.531,5489744.515,"SKA",0,"TC","DE",80,89.184296,592,3,75,78,32.5,3,3
436174.531,5489744.515,"SKA",0,"TC","DE",65,63.571198,860,2,70,72,36.9,3,3
438674.531,5489244.515,"SKA",0,"TC","OP",40,11.40385,941,NA,80,20,10.3,3,1
437674.531,5489244.515,"SKA",0,"TC","OP",55,60.081772,290,3,90,172,41.2,2,2
438174.531,5489244.515,"SKA",0,"TC","OP",40,11.40385,941,NA,80,20,10.3,3,2
439674.531,5489744.515,"SKA",0,"TM","OP",30,28.018211,433,4,50,57,25.9,1,0
439174.531,5490244.515,"SKA",0,"TC","SP",11,NA,1200,NA,80,6,0.6,1,0
438174.531,5489744.515,"SKA",0,"TC","SP",11,NA,1200,NA,80,6,0.6,1,0
438674.531,5489744.515,"SKA",0,"TC","SP",11,NA,1200,NA,80,6,0.6,1,0
439174.531,5489244.515,"SKA",0,"TC","OP",40,11.40385,941,NA,80,20,10.3,1,0
439174.531,5489744.515,"SKA",0,"SL","OP",5,13.72204,995,2,80,22,11.9,1,0
441674.531,5488744.515,"SKA",0,"ST","DE",5,17.146038,1103,2,60,34,13.6,1,0
435674.531,5489244.515,"SKA",0,"TC","OP",55,34.24852,1384,2,80,33,21.1,3,1
438674.531,5488744.515,"SKA",0,"TC","DE",65,46.400223,551,3,80,82,28.5,3,1
436674.531,5488744.515,"SKA",0,"TC","OP",60,69.025055,386,3,70,132,37.7,3,1
437674.531,5489744.515,"SKA",0,"TC","OP",60,67.559242,475,2,70,132,32.7,3,3
439174.531,5488744.515,"SKA",0,"TC","DE",65,70.783119,391,3,65,82,36.5,3,1
439674.531,5488744.515,"SKA",0,"TC","DE",70,69.300209,498,2,55,82,32.1,3,2
441174.531,5488744.515,"SKA",0,"TM","DE",70,35.480843,906,3,60,34,38.3,2,1
441674.531,5488244.515,"SKA",0,"TB","DE",65,36.131927,496,2,60,72,24.9,2,1
442174.531,5488244.515,"SKA",0,"TC","OP",55,59.939789,240,3,80,132,43.6,3,2
438174.531,5488744.515,"SKA",0,"TC","DE",65,46.400223,551,3,80,82,28.5,3,2
438674.531,5488244.515,"SKA",0,"TC","OP",60,60.939541,510,3,70,63,36,3,2
440674.531,5490744.515,"SKA",0,"TC","OP",55,62.174831,507,3,40,132,36.3,3,3
440674.531,5490244.515,"SKA",0,"TC","OP",55,48.550499,349,3,60,112,33.7,3,3
440174.531,5490244.515,"SKA",0,"TC","OP",55,41.591038,432,3,50,82,29.6,3,3
440674.531,5489244.515,"SKA",0,"TC","OP",60,52.397522,448,3,80,102,31.9,3,3
440674.531,5488744.515,"SKA",0,"TC","OP",60,82.00032,235,3,50,187,46.1,3,3
441174.531,5489244.515,"SKA",0,"TC","DE",65,63.456398,452,2,60,112,30,3,3
441174.531,5489744.515,"SKA",0,"TC","OP",55,48.550499,349,3,60,112,33.7,3,3
439674.531,5489244.515,"SKA",0,"TC","DE",65,65.246201,375,3,70,97,31,3,3
440174.531,5488744.515,"SKA",0,"TC","DE",70,68.988281,497,2,55,82,32.1,3,3
440174.531,5489244.515,"SKA",0,"TC","OP",50,42.865582,1194,3,60,39,23.3,3,3
438174.531,5488244.515,"SKA",0,"TC","OP",45,41.640274,784,3,75,62,19.5,3,1
442174.531,5487744.515,"SKA",0,"SL","DE",7,8.05057,81,4,70,72,30.3,3,1
439174.531,5487744.515,"SKA",0,"TC","DE",65,46.466869,447,2,70,75,25.6,3,3
436674.531,5487744.515,"SKA",0,"TC","SP",25,15.59098,1223,NA,50,18,11.4,1,0
439174.531,5487244.515,"SKA",0,"TC","OP",55,56.12326,298,3,60,112,37.9,3,1
440674.531,5487744.515,"SKA",0,"TC","SP",20,NA,1800,NA,50,15,6.9,3,1
438174.531,5487244.515,"SKA",0,"TC","OP",45,10.17766,867,NA,50,18,10.2,2,1
440674.531,5487244.515,"SKA",0,"TC","DE",70,74.868958,382,2,60,77,38.8,3,2
438174.531,5487744.515,"SKA",0,"TC","DE",65,46.999241,978,2,85,37,31.6,2,0
435674.531,5492244.515,"SKA",0,"TC","SP",11,NA,2588,NA,50,6,1.5,1,0
435674.531,5492744.515,"SKA",0,"TC","OP",55,60.134438,381,3,70,192,32.9,1,0
435674.531,5491244.515,"SKA",0,"TC","DE",80,89.184296,592,3,75,78,32.5,1,0
435674.531,5490744.515,"SKA",0,"TC","DE",80,89.184296,592,3,75,78,32.5,1,0
435674.531,5490244.515,"SKA",0,"TC","DE",80,89.184296,592,3,75,78,32.5,1,0
435174.531,5490244.515,"SKA",0,"TC","OP",50,10.5627,964,NA,60,18,9,1,0
436174.531,5490244.515,"SKA",0,"TC","DE",65,56.605183,529,3,60,71,29,1,0
436674.531,5490244.515,"SKA",0,"TC","DE",65,63.127628,865,2,70,75,36.8,1,0
436174.531,5490744.515,"SKA",0,"TC","SP",11,NA,2795,NA,70,7,1.8,1,0
436674.531,5490744.515,"SKA",0,"TC","DE",65,57.522812,458,2,50,69,28.6,1,0
437174.531,5490244.515,"SKA",0,"TC","OP",60,50.952141,473,3,55,69,25.4,1,0
436674.531,5489744.515,"SKA",0,"TC","SP",11,NA,807,NA,90,5,0.4,1,0
436674.531,5488244.515,"SKA",0,"TC","OP",42,17.59531,1238,NA,90,26,16.6,1,0
437174.531,5488244.515,"SKA",0,"TC","SP",11,NA,1176,NA,80,2,0.4,1,0
437174.531,5488744.515,"SKA",0,"TC","SP",11,NA,1229,NA,70,9,2.2,1,0
437174.531,5489744.515,"SKA",0,"TC","DE",65,51.69986,485,3,50,60,24.8,1,0
437174.531,5489244.515,"SKA",0,"TC","DE",65,51.69986,485,3,50,60,24.8,1,0
437674.531,5488744.515,"SKA",0,"HG","SP",NA,NA,NA,NA,NA,NA,NA,1,0
437674.531,5488244.515,"SKA",0,"HG","SP",NA,NA,NA,NA,NA,NA,NA,1,0
435674.531,5488744.515,"SKA",0,"SL","SP",15,NA,2067,NA,70,2,0.7,1,0
436174.531,5488244.515,"SKA",0,"TC","DE",65,68.326767,389,3,80,112,36.1,1,0
436174.531,5488744.515,"SKA",0,"SL","SP",10,NA,1560,NA,80,2,0.7,1,0
436174.531,5489244.515,"SKA",0,"TC","SP",11,NA,1176,NA,80,2,0.4,1,0
436674.531,5489244.515,"SKA",0,"TC","SP",11,NA,1176,NA,80,2,0.4,1,0
441674.531,5487244.515,"SKA",0,"TC","OP",30,22.991541,1001,3,95,31,18.4,1,1
436674.531,5487244.515,"SKA",0,"TC","OP",55,60.96822,272,4,70,77,42.1,3,3
437174.531,5487744.515,"SKA",0,"TC","DE",65,52.610149,492,2,40,80,30.8,3,3
437174.531,5486744.515,"SKA",0,"SL","SP",NA,NA,NA,NA,NA,NA,NA,1,0
438674.531,5486244.515,"SKA",0,"TC","OP",55,59.255508,313,3,70,152,38.4,2,0
437674.531,5487744.515,"SKA",0,"TC","OP",60,58.903305,420,2,60,57,36,2,1
437174.531,5487244.515,"SKA",0,"TC","DE",65,52.161091,741,2,70,54,29.5,2,1
437674.531,5487244.515,"SKA",0,"TC","DE",65,63.032513,644,2,75,57,32.4,2,1
438674.531,5487244.515,"SKA",0,"TC","DE",65,46.999241,978,2,85,37,31.6,2,1
437674.531,5486744.515,"SKA",0,"TC","SP",11,NA,1518,NA,60,6,1,2,1
438174.531,5486744.515,"SKA",0,"TC","SP",11,NA,1518,NA,60,6,1,2,1
441674.531,5486244.515,"SKA",0,"TC","DE",70,66.554756,452,2,70,132,34.2,3,3
440674.531,5486744.515,"SKA",0,"TC","OP",50,60.975109,373,3,60,152,33.2,3,3
440674.531,5486244.515,"SKA",0,"TC","DE",70,74.351974,384,2,60,122,39.7,3,3
438674.531,5487744.515,"SKA",0,"TC","DE",65,46.466869,447,2,70,75,25.6,1,0
441674.531,5487744.515,"SKA",0,"TB","OP",35,22.1896,252,3,60,72,29.1,1,0
439674.531,5487744.515,"SKA",0,"TC","OP",60,57.770729,451,2,70,59,35.6,2,0
442174.531,5487244.515,"SKA",0,"TC","OP",50,33.894539,2377,3,47,28,18.8,2,0
442174.531,5486744.515,"SKA",0,"TC","DE",65,71.821945,277,4,65,102,44.6,1,0
440174.531,5488244.515,"SKA",0,"TC","SP",20,8.91076,809,NA,50,16,9.8,1,0
440674.531,5488244.515,"SKA",0,"TC","OP",50,60.00053,300,3,60,337,40.4,1,0
441174.531,5488244.515,"SKA",0,"TC","OP",40,6.52571,579,2,100,22,8.9,1,0
439674.531,5488244.515,"SKA",0,"TC","OP",30,NA,3040,NA,50,15,6.9,1,0
440174.531,5487744.515,"SKA",0,"TC","SP",15,29.618568,719,NA,60,63,22.1,1,0
439174.531,5488244.515,"SKA",0,"TC","SP",11,NA,1896,NA,50,8,1.6,1,0
441674.531,5486744.515,"SKA",0,"TC","OP",35,13.29427,1038,3,70,23,10.4,1,0
441174.531,5487244.515,"SKA",0,"TM","OP",40,12.508,914,3,47,24,11.1,1,0
441174.531,5486744.515,"SKA",0,"TC","OP",35,25.225519,1688,2,60,30,17.8,1,0
441174.531,5487744.515,"SKA",0,"TC","SP",20,NA,1800,NA,50,15,6.9,1,0
439174.531,5486244.515,"SKA",0,"TC","OP",35,20.672089,1457,NA,70,23,14.4,3,3
439674.531,5486244.515,"SKA",0,"TC","OP",60,68.652374,409,3,50,152,36.4,3,3
440674.531,5485744.515,"SKA",0,"TC","OP",30,35.623302,208,3,60,172,40.9,1,0
440174.531,5485744.515,"SKA",0,"TC","DE",70,75.37471,352,2,60,132,41.5,3,1
437674.531,5485744.515,"SKA",0,"TC","DE",70,50.96806,655,2,80,72,25.3,3,2
437674.531,5486244.515,"SKA",0,"TC","DE",70,70.69426,437,2,70,132,35.7,3,3
440174.531,5485244.515,"SKA",0,"TC","OP",55,43.467392,490,2,70,61,29.4,1,1
440674.531,5485244.515,"SKA",0,"SL","SP",NA,NA,NA,NA,NA,NA,NA,1,0
440174.531,5486744.515,"SKA",0,"TC","OP",60,60.129532,554,3,40,57,30.1,3,1
441174.531,5486244.515,"SKA",0,"TC","DE",70,66.554756,452,2,70,132,34.2,3,1
441174.531,5485744.515,"SKA",0,"TC","DE",70,58.39621,501,2,60,132,31.1,3,1
438174.531,5485744.515,"SKA",0,"TC","DE",65,45.663383,592,3,70,82,26.3,2,1
438174.531,5485244.515,"SKA",0,"TC","DE",65,55.473999,2052,3,50,57,29,3,1
438174.531,5486244.515,"SKA",0,"TC","OP",50,29.532068,827,3,80,42,17.1,1,0
438674.531,5485744.515,"SKA",0,"TC","SP",20,NA,3000,NA,50,14,6.2,2,0
439674.531,5485244.515,"SKA",0,"TC","DE",65,59.658688,439,2,70,61,35.2,2,0
438674.531,5485244.515,"SKA",0,"TC","SP",11,NA,1529,NA,55,2,0.5,1,0
439174.531,5485744.515,"SKA",0,"TC","OP",45,17.04764,1419,NA,60,23,12.7,1,0
439174.531,5486744.515,"SKA",0,"TC","OP",35,20.672089,1457,NA,70,23,14.4,1,0
439674.531,5485744.515,"SKA",0,"TC","DE",65,54.870941,1345,3,50,61,27.6,1,0
440174.531,5487244.515,"SKA",0,"SL","SP",NA,NA,NA,NA,NA,NA,NA,1,0
440174.531,5486244.515,"SKA",0,"SL","SP",NA,NA,NA,NA,NA,NA,NA,1,0
439674.531,5487244.515,"SKA",0,"TC","SP",11,NA,967,NA,100,2,0.3,1,0
439674.531,5486744.515,"SKA",0,"TC","SP",11,NA,1000,NA,95,1,0.1,1,0
439174.531,5485244.515,"SKA",0,"TC","OP",30,21.10623,1177,2,80,29,14.1,1,0
438674.531,5486744.515,"SKA",0,"TC","SP",11,NA,1933,NA,55,13,5.2,1,0
520174.531,5574244.515,"MTC",0,"EL","RZ",NA,NA,NA,NA,NA,NA,NA,0,0
521674.531,5574244.515,"MTC",0,"TB","SP",15,11.74506,211,3,100,43,31.2,0,0
520674.531,5574244.515,"MTC",0,"TB","OP",50,50.035488,265,4,95,83,42,1,0
521174.531,5574244.515,"MTC",0,"TB","OP",50,50.035488,265,4,95,83,42,1,0
425174.531,5508744.515,"RLK",0,"","OC",NA,NA,NA,NA,NA,NA,NA,-10,-10
425174.531,5508244.515,"RLK",0,"","OC",NA,NA,NA,NA,NA,NA,NA,-10,-10
439174.531,5497244.515,"SKA",0,"","OC",NA,NA,NA,NA,NA,NA,NA,-10,-10
439674.531,5496244.515,"SKA",0,"","OC",NA,NA,NA,NA,NA,NA,NA,-10,-10
440174.531,5495244.515,"SKA",0,"","OC",NA,NA,NA,NA,NA,NA,NA,-10,-10
424674.531,5507244.515,"RLK",0,"TC","DE",70,70.524223,435,3,85,157,38,-10,-10
441174.531,5492744.515,"SKA",0,"","OC",NA,NA,NA,NA,NA,NA,NA,-10,-10
441674.531,5490744.515,"SKA",0,"","OC",NA,NA,NA,NA,NA,NA,NA,-10,-10
442174.531,5488744.515,"SKA",0,"","OC",NA,NA,NA,NA,NA,NA,NA,-10,-10
